"Access.Code","Common.Name","Phylum","Class","Order","Suborder","Family","Subfamily","Tribe","Genus","Subgenus","Species","Subspecies","Qualifier","Description.Code","Variety","Preferred","Synonym.Equivalent"
"P1001","","Cyanophyta","Cyanophyceae","Chroococcales",".","Microcystaceae",".",".","Microcystis",".","flos-aquae",".",".","PHYT","","*",NA
"P1002","","Cyanophyta","Cyanophyceae","Chroococcales",".","Microcystaceae",".",".","Microcystis",".","viridis",".",".","PHYT","","*",NA
"P1003","","Cyanophyta","Cyanophyceae","Chroococcales",".","Microcystaceae",".",".","Microcystis",".","sp.",".",".","PHYT","","*",NA
"P1004","","Cyanophyta","Cyanophyceae","Chroococcales",".","Microcystaceae",".",".","Aphanocapsa",".","biformis",".",".","PHYT","","*",NA
"P1005","","Cyanophyta","Cyanophyceae","Chroococcales",".","Microcystaceae",".",".","Aphanocapsa",".","elachista",".",".","PHYT","","*",NA
"P1006","","Cyanophyta","Cyanophyceae","Chroococcales",".","Microcystaceae",".",".","Aphanocapsa",".","elachista",".",".","PHYT","planctonica","*",NA
"P1007","","Cyanophyta","Cyanophyceae","Chroococcales",".","Microcystaceae",".",".","Aphanocapsa",".","delicatissima",".",".","PHYT","","*",NA
"P1008","","Cyanophyta","Cyanophyceae","Chroococcales",".","Microcystaceae",".",".","Aphanocapsa",".","sp.",".",".","PHYT","","*",NA
"P1009","","Cyanophyta","Cyanophyceae","Chroococcales",".","Microcystaceae",".",".","Aphanothece",".","clathrata",".",".","PHYT","","*",NA
"P1010","","Cyanophyta","Cyanophyceae","Chroococcales",".","Microcystaceae",".",".","Aphanothece",".","gelatinosa",".",".","PHYT","","*",NA
"P1011","","Cyanophyta","Cyanophyceae","Chroococcales",".","Microcystaceae",".",".","Aphanothece",".","microscopia",".",".","PHYT","","*",NA
"P1012","","Cyanophyta","Cyanophyceae","Chroococcales",".","Microcystaceae",".",".","Aphanothece",".","sp.",".",".","PHYT","","*",NA
"P1013","","Cyanophyta","Chlorobacteriaceae",".",".",".",".",".","Pelogloea",".","sp.",".",".","PHYT","","*",NA
"P1014","","Cyanophyta","Cyanophyceae","Chroococcales",".","Chroococcaceae",".",".","Chroococcus",".","limneticus",".",".","PHYT","","*",NA
"P1015","","Cyanophyta","Cyanophyceae","Chroococcales",".","Chroococcaceae",".",".","Chroococcus",".","turgidus",".",".","PHYT","","*",NA
"P1016","","Cyanophyta","Cyanophyceae","Chroococcales",".","Chroococcaceae",".",".","Chroococcus",".","minutus",".",".","PHYT","","*",NA
"P1017","","Cyanophyta","Cyanophyceae","Chroococcales",".","Chroococcaceae",".",".","Chroococcus",".","dispersus",".",".","PHYT","","*",NA
"P1018","","Cyanophyta","Cyanophyceae","Chroococcales",".","Chroococcaceae",".",".","Chroococcus",".","sp.",".",".","PHYT","","*",NA
"P1019","","Cyanophyta","Cyanophyceae","Chroococcales",".","Microcystaceae",".",".","Radiocystis",".","geminata",".",".","PHYT","","*",NA
"P1020","","Cyanophyta","Cyanophyceae","Chroococcales",".","Microcystaceae",".",".","Gomphosphaeria",".","natus",".",".","PHYT","","*",NA
"P1021","","Cyanophyta","Cyanophyceae","Chroococcales",".","Microcystaceae",".",".","Gomphosphaeria",".","aponina",".",".","PHYT","","*",NA
"P1022","","Cyanophyta","Cyanophyceae","Chroococcales",".","Microcystaceae",".",".","Gomphosphaeria",".","sp.",".",".","PHYT","","*",NA
"P1023","","Cyanophyta","Cyanophyceae","Chroococcales",".","Microcystaceae",".",".","Coelospaerium",".","kuetzingianum",".",".","PHYT","","*",NA
"P1024","","Cyanophyta","Cyanophyceae","Chroococcales",".","Microcystaceae",".",".","Woronichinia",".","naegelianum",".",".","PHYT","","*",NA
"P1025","","Cyanophyta","Cyanophyceae","Chroococcales",".","Microcystaceae",".",".","Coelsphaerium",".","sp.",".",".","PHYT","","*",NA
"P1026","","Cyanophyta","Cyanophyceae","Chroococcales",".","Microcystaceae",".",".","Merismopedia",".","tenuissima",".",".","PHYT","","*",NA
"P1027","","Cyanophyta","Cyanophyceae","Chroococcales",".","Microcystaceae",".",".","Merismopedia",".","minima",".",".","PHYT","","*",NA
"P1028","","Cyanophyta","Cyanophyceae","Chroococcales",".","Microcystaceae",".",".","Merismopedia",".","glauca",".",".","PHYT","","*",NA
"P1029","","Cyanophyta","Cyanophyceae","Chroococcales",".","Microcystaceae",".",".","Merismopedia",".","sp.",".",".","PHYT","","*",NA
"P1030","","Cyanophyta","Cyanophyceae","Chroococcales",".","Microcystaceae",".",".","Synechococcus",".","sp.",".",".","PHYT","","*",NA
"P1031","","Cyanophyta","Cyanophyceae","Chroococcales",".","Microcystaceae",".",".","Rhabdogloea",".","minima",".",".","PHYT","","*",NA
"P1032","","Cyanophyta","Cyanophyceae","Chroococcales",".","Microcystaceae",".",".","Rhabdogloea",".","sp.",".",".","PHYT","","*",NA
"P1033","","Cyanophyta","Cyanophyceae","Chroococcales",".","Microcystaceae",".",".","Rhabdogloea",".","lineare",".",".","PHYT","","*",NA
"P1034","","Cyanophyta","Cyanophyceae","Chroococcales",".","Microcystaceae",".",".","Rhabdogloea",".","gorskii",".",".","PHYT","","*",NA
"P1035","","Cyanophyta","Cyanophyceae","Chroococcales",".","Microcystaceae",".",".","Rhabdoderma",".","sp.",".",".","PHYT","","*",NA
"P1036","","Cyanophyta","Cyanophyceae","Chroococcales",".","Microcystaceae",".",".","Myxobaktron",".","lineare",".",".","PHYT","","*",NA
"P1037","","Cyanophyta","Cyanophyceae","Chroococcales",".","Microcystaceae",".",".","Myxobaktron",".","smithii",".",".","PHYT","","*",NA
"P1038","","Cyanophyta","Cyanophyceae","Chroococcales",".","Microcystaceae",".",".","Myxobaktron",".","sp.",".",".","PHYT","","*",NA
"P1039","","Cyanophyta","Cyanophyceae","Chroococcales",".","Microcystaceae",".",".","Gloeocapsa",".","sp.",".",".","PHYT","","*",NA
"P1040","","Cyanophyta","Cyanophyceae","Hormognales",".","Oscillatotiaceae",".",".","Phormidium",".","sp.",".",".","PHYT","","*",NA
"P1041","","Cyanophyta","Cyanophyceae","Hormognales",".","Nostocaceae",".",".","Aphanizomenon",".","flos-aquae",".",".","PHYT","","*",NA
"P1042","","Cyanophyta","Cyanophyceae","Hormognales",".","Nostocaceae",".",".","Aphanizomenon",".","sp.",".",".","PHYT","","*",NA
"P1043","","Cyanophyta","Cyanophyceae","Hormognales",".","Nostocaceae",".",".","Aphanizomenon",".","gracile",".",".","PHYT","","*",NA
"P1044","","Cyanophyta","Cyanophyceae","Hormognales",".","Nostocaceae",".",".","Anabaena",".","planctonica",".",".","PHYT","","*",NA
"P1045","","Cyanophyta","Cyanophyceae","Hormognales",".","Nostocaceae",".",".","Anabaena",".","lemmermannii",".",".","PHYT","","*",NA
"P1046","","Cyanophyta","Cyanophyceae","Hormognales",".","Nostocaceae",".",".","Anabaena",".","circinalis",".",".","PHYT","","*",NA
"P1047","","Cyanophyta","Cyanophyceae","Hormognales",".","Nostocaceae",".",".","Anabaena",".","solitaria",".",".","PHYT","planctonica","*",NA
"P1048","","Cyanophyta","Cyanophyceae","Hormognales",".","Nostocaceae",".",".","Anabaena",".","spiroides",".",".","PHYT","","*",NA
"P1049","","Cyanophyta","Cyanophyceae","Hormognales",".","Nostocaceae",".",".","Anabaena",".","sp.",".",".","PHYT","","*",NA
"P1050","","Cyanophyta","Cyanophyceae","Hormognales",".","Oscillatotiaceae",".",".","Spirulina",".","laxa",".",".","PHYT","","*",NA
"P1051","","Cyanophyta","Cyanophyceae","Hormognales",".","Oscillatotiaceae",".",".","Oscillatoria",".","lauterornii",".",".","PHYT","","*",NA
"P1052","","Cyanophyta","Cyanophyceae","Hormognales",".","Oscillatotiaceae",".",".","Limnothrix",".","redekei",".",".","PHYT","","*",NA
"P1053","","Cyanophyta","Cyanophyceae","Hormognales",".","Oscillatotiaceae",".",".","Phormidium",".","tenue",".",".","PHYT","","*",NA
"P1054","","Cyanophyta","Cyanophyceae","Hormognales",".","Oscillatotiaceae",".",".","Planktolyngbya",".","limnetica",".",".","PHYT","","*",NA
"P1055","","Cyanophyta","Cyanophyceae","Hormognales",".","Oscillatotiaceae",".",".","Jaaginema",".","geminatum",".",".","PHYT","","*",NA
"P1056","","Cyanophyta","Cyanophyceae","Hormognales",".","Oscillatotiaceae",".",".","Oscillatoria",".","sp.",".",".","PHYT","","*",NA
"P1057","","Cyanophyta","Cyanophyceae","Hormognales",".","Oscillatotiaceae",".",".","Leptolyngbya",".","limnetica",".",".","PHYT","","*",NA
"P1058","","Cyanophyta","Cyanophyceae","Hormognales",".","Oscillatotiaceae",".",".","Leptolyngbya",".","pseudospirulina",".",".","PHYT","","*",NA
"P1059","","Cyanophyta","Cyanophyceae","Hormognales",".","Oscillatotiaceae",".",".","Lyngbya",".","sp.",".",".","PHYT","","*",NA
"P1060","","Cyanophyta","Cyanophyceae","Hormognales",".","Oscillatotiaceae",".",".","Pelonema",".","sp.",".",".","PHYT","","*",NA
"P1061","","Cyanophyta","Cyanophyceae","Hormognales",".","Rivulariaceae",".",".","Gleoetrichia",".","sp.",".",".","PHYT","","*",NA
"P1062","","Cyanophyta","Cyanophyceae",".",".",".",".",".","Small blue greens",".",".",".",".","PHYT","","*",NA
"P1063","","Cyanophyta","Cyanophyceae",".",".",".",".",".","Filamentous blue green",".",".",".",".","PHYT","","*",NA
"P1064","","Cyanophyta","Cyanophyceae","Hormognales",".","Nostocaceae",".",".","Anabaena",".","lavendrii",".",".","PHYT","","*",NA
"P1065","","Cyanophyta","Cyanophyceae","Hormognales",".","Nostocaceae",".",".","Anabaena",".","cylindrica",".",".","PHYT","","*",NA
"P1067","","Cyanophyta","Cyanophyceae","Hormognales",".","Nostocaceae",".",".","Cylindrospermum",".","sp.",".",".","PHYT","","*",NA
"P1068","","Cyanophyta","Cyanophyceae","Hormognales",".","Nostocaceae",".",".","Aphanizomenon",".","issatchenkoi",".",".","PHYT","","*",NA
"P1069","","Cyanophyta","Cyanophyceae","Hormognales",".","Nostocaceae",".",".","Anabeana",".","aphanizomoids",".",".","PHYT","","*",NA
"P1070","","Cyanophyta","Cyanophyceae","Hormognales",".","Nostocaceae",".",".","Anabaenaopsis",".","sp.",".",".","PHYT","","*",NA
"P1072","","Cyanophyta","Cyanophyceae","Hormognales",".","Nostocaceae",".",".","Heterocysts",".",".",".",".","PHYT","","*",NA
"P1073","","Cyanophyta","Cyanophyceae","Chroococcales",".","Microcystaceae",".",".","Snowella",".","sp",".",".","PHYT","","*",NA
"P1074","","Cyanophyta","Cyanophyceae","Hormognales",".","Nostocaceae",".",".","Aphanizomenon",".","schindlerii",".",".","PHYT","","*",NA
"P1075","","Cyanophyta","Cyanophyceae","Chroococcales",".","Microcystaceae",".",".","Microcystis",".","aeruginosa",".",".","PHYT","","*",NA
"P1076","","Cyanophyta","Cyanophyceae","Chroococcales",".","Microcystaceae",".",".","Woronichinia",".","compacta",".",".","PHYT","","*",NA
"P1077","","Cyanophyta","Cyanophyceae","Hormognales",".","Nostocaceae",".",".","Pseudoanabaena",".","sp.",".",".","PHYT","","*",NA
"P1078","","Cyanophyta","Cyanophyceae","Hormognales",".","Oscillatotiaceae",".",".","Planktothrix",".","agardhii",".",".","PHYT","","*",NA
"P1080","","Cyanophyta","Cyanophyceae","Chroococcales",".","Microcystaceae",".",".","Eucapsis",".","sp.",".",".","PHYT","","*",NA
"P1081","","Cyanophyta","Cyanophyceae","Hormognales",".","Nostocaceae",".",".","Nostoc",".","sp.",".",".","PHYT","","*",NA
"P1082","","Cyanophyta","Cyanophyceae","Hormognales",".","Scytonemataceae",".",".","Tolypothrix",".","sp.",".",".","PHYT","","*",NA
"P1083","","Cyanophyta","Cyanophyceae","Hormognales",".","Oscillatotiaceae",".",".","Arthrospira",".","sp.",".",".","PHYT","","*",NA
"P1084","","Cyanophyta","Cyanophyceae","Chroococcales",".","Microcystaceae",".",".","Gloeocapsa",".","punctata",".",".","PHYT","","*",NA
"P1085","","Cyanophyta","Cyanophyceae","Hormognales",".","Rivulariaceae",".",".","Rivularia",".","sp.",".",".","PHYT","","*",NA
"P1086","","Cyanophyta","Cyanophyceae","Hormognales",".","Rivulariaceae",".",".","Calathrix",".","sp.",".",".","PHYT","","*",NA
"P1088","","Cyanophyta","Cyanophyceae","Hormognales",".","Nostocaceae",".",".","Anabaena",".","solitaria",".",".","PHYT","","*",NA
"P1089","","Cyanophyta","Cyanophyceae","Chroococcales",".","Microcystaceae",".",".","Cyanodictyon",".","sp.",".",".","PHYT","","*",NA
"P1094","","Cyanophyta","Cyanophyceae","Chroococcales",".","Microcystaceae",".",".","Snowella",".","litoralis",".",".","PHYT","","*",NA
"P1095","","Cyanophyta","Cyanophyceae","Chroococcales",".","Microcystaceae",".",".","Snowella",".","septentrionalis",".",".","PHYT","","*",NA
"P1097","","Cyanophyta","Cyanophyceae","Chroococcales",".","Microcystaceae",".",".","Snowella",".","lacustris",".",".","PHYT","","*",NA
"P1098","","Cyanophyta","Cyanophyceae","Chroococcales",".","Microcystaceae",".",".","Merismopedia",".","punctata",".",".","PHYT","","",NA
"P1102","","Cyanophyta","Cyanophyceae","Chroococcales",".","Microcystaceae",".",".","Gloeothece",".","sp.",".",".","PHYT","","",NA
"P1104","","Cyanophyta","Cyanophyceae","Hormognales",".","Scytonemataceae",".",".","Scytomema",".","sp.",".",".","PHYT","","",NA
"P1105","","Cyanophyta","Cyanophyceae","Hormognales",".","Scytonemataceae",".",".","Seguenzaea",".","sp.",".",".","PHYT","","*",NA
"P1106","","Cyanophyta","Cyanophyceae","Hormognales",".","Scytonemataceae",".",".","Plectonema",".","sp.",".",".","PHYT","","",NA
"P1107","","Cyanophyta","Cyanophyceae","Chamaesiphonales",".","Siphonoemataceae",".",".","Siphononema",".","sp.",".",".","PHYT","","*",NA
"P1108","","Cyanophyta","Cyanophyceae","Hormognales",".","Nostocaceae",".",".","Nodularia",".","sp.",".",".","PHYT","","",NA
"P1110","","Cyanophyta","Cyanophyceae","Hormognales",".","Oscillatotiaceae",".",".","Oscillatoria",".","deflexa",".",".","PHYT","","*",NA
"P1115","","Cyanophyta","Cyanophyceae","Eubacteriales",".","Sarcinaceae",".",".","Ochrobium",".","sp.",".",".","PHYT","","",NA
"P1116","","Cyanophyta","Cyanophyceae","Hormognales",".","Nostocaceae",".",".","Aphanizomenon",".","skuja",".",".","PHYT","","*",NA
"P1117","","Cyanophyta","Cyanophyceae","Chroococcales",".","Microcystaceae",".",".","Merismopedia",".","punctata",".",".","PHYT","","*",NA
"P1119","","Cyanophyta","Cyanophyceae","Hormognales",".","Stigonemataceae",".",".","Stigonena",".","sp.",".",".","PHYT","","*",NA
"P1121","","Cyanophyta","Cyanophyceae","Hormognales",".","Oscillatotiaceae",".",".","Phormidium",".","ambiguum",".",".","PHYT","","*",NA
"P1122","","Cyanophyta","Cyanophyceae","Hormognales",".","Oscillatotiaceae",".",".","Phormidium",".","autumnale",".",".","PHYT","","*",NA
"P1123","","Cyanophyta","Cyanophyceae","Chroococcales",".","Chroococcaceae",".",".","Chroococcus",".","prescottii",".",".","PHYT","","*",NA
"P1125","","Cyanophyta","Cyanophyceae","Hormognales",".","Oscillatotiaceae",".",".","Limnothrix",".","rosea",".",".","PHYT","","*",NA
"P1126","","Cyanophyta","Cyanophyceae","Hormognales",".","Oscillatotiaceae",".",".","Limnothrix",".","sp.",".",".","PHYT","","*",NA
"P1129","","Cyanophyta","Cyanophyceae","Hormognales",".","Oscillatotiaceae",".",".","Planktothrix",".","sp.",".",".","PHYT","","*",NA
"P1130","","Cyanophyta","Cyanophyceae","Hormognales",".","Oscillatotiaceae",".",".","Tychonema",".","rhodonema",".",".","PHYT","","*",NA
"P1131","","Cyanophyta","Cyanophyceae","Hormognales",".","Oscillatotiaceae",".",".","Heteroleibinia",".","profunda",".",".","PHYT","","*",NA
"P1132","","Cyanophyta","Cyanophyceae","Hormognales",".","Nostocaceae",".",".","Anabaena",".","crassa",".",".","PHYT","","*",NA
"P1133","","Cyanophyta","Cyanophyceae","Hormognales",".","Nostocaceae",".",".","Anabaena",".","flos-aquae",".",".","PHYT","","*",NA
"P1134","","Cyanophyta","Cyanophyceae","Hormognales",".","Nostocaceae",".",".","Pseudoanabaena",".","galeata",".",".","PHYT","","*",NA
"P1135","","Cyanophyta","Cyanophyceae","Hormognales",".","Nostocaceae",".",".","Anabaena",".","mendota",".",".","PHYT","","*",NA
"P1214","","Cyanophyta","Cyanophyceae","Hormognales",".","Oscillatotiaceae",".",".","Oscillatoria",".","sancta",".",".","PHYT","","*",NA
"P1220","","Cyanophyta","Cyanophyceae","Hormognales",".","Rivulariaceae",".",".","Rivularia",".","dura",".",".","PHYT","","*",NA
"P1222","","Cyanophyta","Cyanophyceae","Chroococcales",".","Microcystaceae",".",".","Gloeocapsa",".","Kutzingiana",".",".","PHYT","","*",NA
"P1235","","Cyanophyta","Cyanophyceae","Hormognales",".","Nostocaceae",".",".","Aphanizomenon",".","klebahnii",".",".","PHYT","","*",NA
"P2100","","Chlorophyta","Chlorophyceae","Volvocales",".","Polyblepharidaceae",".",".","Pyramidomonas",".","tetrarhynchus",".",".","PHYT","","*",NA
"P2101","","Chlorophyta","Chlorophyceae","Volvocales",".","Chlamydomonadaceae",".",".","Carteria",".","spp.",".",".","PHYT","","*",NA
"P2102","","Chlorophyta","Chlorophyceae","Volvocales",".","Chlamydomonadaceae",".",".","Chlamydomonas",".","frigida",".",".","PHYT","","*",NA
"P2103","","Chlorophyta","Chlorophyceae","Volvocales",".","Chlamydomonadaceae",".",".","Chlamydomonas",".","sagitulla",".",".","PHYT","","*",NA
"P2104","","Chlorophyta","Chlorophyceae","Volvocales",".","Chlamydomonadaceae",".",".","Chlamydomonas",".","vernalis",".",".","PHYT","","*",NA
"P2105","","Chlorophyta","Chlorophyceae","Volvocales",".","Chlamydomonadaceae",".",".","Chlamydomonas",".","spp.",".",".","PHYT","","*",NA
"P2106","","Chlorophyta","Chlorophyceae","Volvocales",".","Chlamydomonadaceae",".",".","Chlorogonium",".","sp.",".",".","PHYT","","*",NA
"P2107","","Chlorophyta","Chlorophyceae","Volvocales",".","Chlamydomonadaceae",".",".","Chlorogonium",".","maximum",".",".","PHYT","","*",NA
"P2108","","Chlorophyta","Chlorophyceae","Volvocales",".","Chlamydomonadaceae",".",".","Chlorogonium",".","parvula",".",".","PHYT","","*",NA
"P2109","","Chlorophyta","Chlorophyceae","Volvocales",".","Volvocaceae",".",".","Volvox",".","aureus",".",".","PHYT","","*",NA
"P2110","","Chlorophyta","Chlorophyceae","Tetrasporales",".","Palmellaceae",".",".","Coenochloris",".","planctonica",".",".","PHYT","","*",NA
"P2111","","Chlorophyta","Chlorophyceae","Tetrasporales",".","Palmellaceae",".",".","Coenochloris",".","planctonica",".",".","PHYT","v.","*",NA
"P2112","","Chlorophyta","Chlorophyceae","Tetrasporales",".","Palmellaceae",".",".","Sphaerocystis",".","schroeteri",".",".","PHYT","","*",NA
"P2113","","Chlorophyta","Chlorophyceae","Chlorococcales",".","Hydrodictyaceae",".",".","Pediastrum",".","duplex",".",".","PHYT","","*",NA
"P2114","","Chlorophyta","Chlorophyceae","Chlorococcales",".","Hydrodictyaceae",".",".","Pediastrum",".","boryanum",".",".","PHYT","","*",NA
"P2115","","Chlorophyta","Chlorophyceae","Chlorococcales",".","Hydrodictyaceae",".",".","Pediastrum",".","tetras",".",".","PHYT","","*",NA
"P2116","","Chlorophyta","Chlorophyceae","Chlorococcales",".","Hydrodictyaceae",".",".","Pediastrum",".","sp.",".",".","PHYT","","*",NA
"P2117","","Chlorophyta","Chlorophyceae","Chlorococcales",".","Oocystaceae",".",".","Chlorella",".","vulgaris",".",".","PHYT","","*",NA
"P2118","","Chlorophyta","Chlorophyceae","Chlorococcales",".","Oocystaceae",".",".","Chlorella",".","pyrenoidosa",".",".","PHYT","","*",NA
"P2119","","Chlorophyta","Chlorophyceae","Chlorococcales",".","Oocystaceae",".",".","Chlorella",".","sp.",".",".","PHYT","","*",NA
"P2120","","Chlorophyta","Chlorophyceae","Chlorococcales",".","Oocystaceae",".",".","Oocystis",".","submarina",".",".","PHYT","variabilis","*",NA
"P2121","","Chlorophyta","Chlorophyceae","Chlorococcales",".","Oocystaceae",".",".","Oocystis",".","lacustris",".",".","PHYT","","*",NA
"P2122","","Chlorophyta","Chlorophyceae","Chlorococcales",".","Oocystaceae",".",".","Oocystis",".","solitaria",".",".","PHYT","","*",NA
"P2123","","Chlorophyta","Chlorophyceae","Chlorococcales",".","Oocystaceae",".",".","Oocystis",".","borgei",".",".","PHYT","","*",NA
"P2124","","Chlorophyta","Chlorophyceae","Chlorococcales",".","Oocystaceae",".",".","Oocystis",".","sp.",".",".","PHYT","","*",NA
"P2125","","Chlorophyta","Chlorophyceae","Volvocales",".","Volvocaceae",".",".","Paulschulzia",".","pseudovolvox",".",".","PHYT","","*",NA
"P2126","","Chlorophyta","Chlorophyceae","Chlorococcales",".","Oocystaceae",".",".","Chodatella",".","sp.",".",".","PHYT","","*",NA
"P2127","","Chlorophyta","Chlorophyceae","Chlorococcales",".","Oocystaceae",".",".","Tetraedron",".","minimum",".",".","PHYT","","*",NA
"P2128","","Chlorophyta","Chlorophyceae","Chlorococcales",".","Oocystaceae",".",".","Tetraedron",".","sp.",".",".","PHYT","","*",NA
"P2129","","Chlorophyta","Chlorophyceae","Chlorococcales",".","Oocystaceae",".",".","Tetraedron",".","sp. a",".",".","PHYT","","*",NA
"P2130","","Chlorophyta","Chlorophyceae","Chlorococcales",".","Scenedesmaceae",".",".","Scenedesmus",".","quadricauda",".",".","PHYT","","*",NA
"P2131","","Chlorophyta","Chlorophyceae","Chlorococcales",".","Scenedesmaceae",".",".","Scenedesmus",".","quadricauda",".",".","PHYT","v.","*",NA
"P2132","","Chlorophyta","Chlorophyceae","Chlorococcales",".","Scenedesmaceae",".",".","Scenedesmus",".","denticulatus",".",".","PHYT","","*",NA
"P2133","","Chlorophyta","Chlorophyceae","Chlorococcales",".","Scenedesmaceae",".",".","Scenedesmus",".","brevispina",".",".","PHYT","","*",NA
"P2134","","Chlorophyta","Chlorophyceae","Chlorococcales",".","Scenedesmaceae",".",".","Scenedesmus",".","platydiscus",".",".","PHYT","","*",NA
"P2135","","Chlorophyta","Chlorophyceae","Chlorococcales",".","Scenedesmaceae",".",".","Scenedesmus",".","sp.",".",".","PHYT","","*",NA
"P2136","","Chlorophyta","Chlorophyceae","Chlorococcales",".","Oocystaceae",".",".","Dictyosphaerium",".","pulchellum",".",".","PHYT","","*",NA
"P2137","","Chlorophyta","Chlorophyceae","Chlorococcales",".","Oocystaceae",".",".","Dictyosphaerium",".","simplex",".",".","PHYT","","*",NA
"P2138","","Chlorophyta","Chlorophyceae","Chlorococcales",".","Oocystaceae",".",".","Monoraphidium",".","komarkovae",".",".","PHYT","","*",NA
"P2139","","Chlorophyta","Chlorophyceae","Chlorococcales",".","Oocystaceae",".",".","Monoraphidium",".","braunii",".",".","PHYT","","*",NA
"P2140","","Chlorophyta","Chlorophyceae","Chlorococcales",".","Oocystaceae",".",".","Monoraphidium",".","tortile",".",".","PHYT","","*",NA
"P2141","","Chlorophyta","Chlorophyceae","Chlorococcales",".","Oocystaceae",".",".","Monoraphidium",".","contortum",".",".","PHYT","","*",NA
"P2142","","Chlorophyta","Chlorophyceae","Chlorococcales",".","Oocystaceae",".",".","Monoraphidium",".","sp. a",".",".","PHYT","","*",NA
"P2143","","Chlorophyta","Chlorophyceae","Chlorococcales",".","Oocystaceae",".",".","Monoraphidium",".","minutum",".",".","PHYT","","*",NA
"P2144","","Chlorophyta","Chlorophyceae","Chlorococcales",".","Oocystaceae",".",".","Monoraphidium",".","sp. c",".",".","PHYT","","*",NA
"P2145","","Chlorophyta","Chlorophyceae","Chlorococcales",".","Scenedesmaceae",".",".","Crucigeniella",".","quadrata",".",".","PHYT","","*",NA
"P2146","","Chlorophyta","Chlorophyceae","Chlorococcales",".","Scenedesmaceae",".",".","Crucigeniella",".","rectangularis",".",".","PHYT","","*",NA
"P2147","","Chlorophyta","Chlorophyceae","Chlorococcales",".","Scenedesmaceae",".",".","Crucigeniella",".","rectangularis",".",".","PHYT","irregularis","*",NA
"P2148","","Chlorophyta","Chlorophyceae","Chlorococcales",".","Scenedesmaceae",".",".","Crucigeniella",".","tetrapedia",".",".","PHYT","","*",NA
"P2149","","Chlorophyta","Chlorophyceae","Chlorococcales",".","Scenedesmaceae",".",".","Crucigeniella",".","apiculata",".",".","PHYT","","*",NA
"P2150","","Chlorophyta","Chlorophyceae","Chlorococcales",".","Scenedesmaceae",".",".","Crucigeniella",".","spp.",".",".","PHYT","","*",NA
"P2151","","Chlorophyta","Chlorophyceae","Chlorococcales",".","Coelastraceae",".",".","Coelastrum",".","sp.",".",".","PHYT","","*",NA
"P2152","","Chlorophyta","Chlorophyceae","Chlorococcales",".","Coelastraceae",".",".","Coelastrum",".","cambricum",".",".","PHYT","","*",NA
"P2153","","Chlorophyta","Chlorophyceae","Chlorococcales",".","Coelastraceae",".",".","Coelastrum",".","morus",".",".","PHYT","","*",NA
"P2154","","Chlorophyta","Chlorophyceae","Chlorococcales",".","Coelastraceae",".",".","Coelastrum",".","microporum",".",".","PHYT","","*",NA
"P2155","","Chlorophyta","Chlorophyceae","Chlorococcales",".","Oocystaceae",".",".","Selenastrum",".","minutum",".",".","PHYT","","*",NA
"P2156","","Chlorophyta","Chlorophyceae","Chlorococcales",".","Oocystaceae",".",".","Selenastrum",".","sp.",".",".","PHYT","","*",NA
"P2157","","Chlorophyta","Chlorophyceae","Chlorococcales",".","Oocystaceae",".",".","Kichnerella",".","lunaris",".",".","PHYT","","*",NA
"P2158","","Chlorophyta","Chlorophyceae","Chlorococcales",".","Oocystaceae",".",".","Ankistrodesmus",".","braunii",".",".","PHYT","","*",NA
"P2159","","Chlorophyta","Chlorophyceae","Chlorococcales",".","Oocystaceae",".",".","Ankistrodesmus",".","sp.",".",".","PHYT","","*",NA
"P2160","","Chlorophyta","Chlorophyceae","Chlorococcales",".","Oocystaceae",".",".","Ankistrodesmus",".","falcatus",".",".","PHYT","","*",NA
"P2163","","Chlorophyta","Chlorophyceae","Tetrasporales",".","Coccomyxaceae",".",".","Coccomyxa",".","sp.",".",".","PHYT","","*",NA
"P2164","","Chlorophyta","Chlorophyceae","Chlorococcales",".","Oocystaceae",".",".","Quadrigula",".","closterioides",".",".","PHYT","","*",NA
"P2165","","Chlorophyta","Chlorophyceae","Chlorococcales",".","Oocystaceae",".",".","Quadrigula",".","pfitzeri",".",".","PHYT","","*",NA
"P2166","","Chlorophyta","Chlorophyceae","Chlorococcales",".","Oocystaceae",".",".","Quadrigula",".","sp.",".",".","PHYT","","*",NA
"P2167","","Chlorophyta","Chlorophyceae","Tetrasporales",".","Coccomyxaceae",".",".","Elakatothrix",".","gelatinosa",".",".","PHYT","","*",NA
"P2168","","Chlorophyta","Chlorophyceae","Tetrasporales",".","Coccomyxaceae",".",".","Elakatothrix",".","genevensis",".",".","PHYT","","*",NA
"P2169","","Chlorophyta","Chlorophyceae","Ulotrichales",".","Ulotrichaceae",".",".","Planctonema",".","lauterbornii",".",".","PHYT","","*",NA
"P2170","","Chlorophyta","Chlorophyceae","Ulotrichales",".","Ulotrichaceae",".",".","Stichococcus",".","sp.",".",".","PHYT","","*",NA
"P2171","","Chlorophyta","Chlorophyceae","Chlorococcales",".","Closteriaceae",".",".","Closterium",".","kuetzingii",".",".","PHYT","","*",NA
"P2172","","Chlorophyta","Chlorophyceae","Chlorococcales",".","Closteriaceae",".",".","Closterium",".","pronum",".",".","PHYT","","*",NA
"P2173","","Chlorophyta","Chlorophyceae","Chlorococcales",".","Closteriaceae",".",".","Closterium",".","dianae",".",".","PHYT","","*",NA
"P2174","","Chlorophyta","Chlorophyceae","Chlorococcales",".","Closteriaceae",".",".","Closterium",".","sp.",".",".","PHYT","","*",NA
"P2175","","Chlorophyta","Chlorophyceae","Desmidales",".","Desmidiaceae",".",".","Pleurotaenium",".","sp.",".",".","PHYT","","*",NA
"P2176","","Chlorophyta","Chlorophyceae","Chlorococcales",".","Desmidiaceae",".",".","Cormarium",".","depressum",".",".","PHYT","achondrum","*",NA
"P2177","","Chlorophyta","Chlorophyceae","Chlorococcales",".","Desmidiaceae",".",".","Cosmarium",".","contractum",".",".","PHYT","","*",NA
"P2178","","Chlorophyta","Chlorophyceae","Chlorococcales",".","Desmidiaceae",".",".","Cosmarium",".","sp.",".",".","PHYT","","*",NA
"P2179","","Chlorophyta","Chlorophyceae","Chlorococcales",".","Desmidiaceae",".",".","Cosmarium",".","sp. a",".",".","PHYT","","*",NA
"P2180","","Chlorophyta","Chlorophyceae","Chlorococcales",".","Desmidiaceae",".",".","Cosmarium",".","sp. b",".",".","PHYT","","*",NA
"P2181","","Chlorophyta","Chlorophyceae","Chlorococcales",".","Desmidiaceae",".",".","Euastrum",".","denticulatum",".",".","PHYT","","*",NA
"P2182","","Chlorophyta","Chlorophyceae","Chlorococcales",".","Desmidiaceae",".",".","Euastrum",".","spp.",".",".","PHYT","","*",NA
"P2183","","Chlorophyta","Chlorophyceae","Chlorococcales",".","Desmidiaceae",".",".","Euastrum",".","sinuosum",".",".","PHYT","","*",NA
"P2184","","Chlorophyta","Chlorophyceae","Chlorococcales",".","Desmidiaceae",".",".","Euastrum",".","binale",".",".","PHYT","","*",NA
"P2185","","Chlorophyta","Chlorophyceae","Chlorococcales",".","Desmidiaceae",".",".","Micrasterias",".","sp.",".",".","PHYT","","*",NA
"P2186","","Chlorophyta","Chlorophyceae","Chlorococcales",".","Desmidiaceae",".",".","Xanthidium",".","sp.",".",".","PHYT","","*",NA
"P2187","","Chlorophyta","Chlorophyceae","Chlorococcales",".","Desmidiaceae",".",".","Staurodesmus",".","extensus",".",".","PHYT","","*",NA
"P2188","","Chlorophyta","Chlorophyceae","Chlorococcales",".","Desmidiaceae",".",".","Arthrodesmus",".","octocornis",".",".","PHYT","","*",NA
"P2189","","Chlorophyta","Chlorophyceae","Chlorococcales",".","Desmidiaceae",".",".","Arthrodesmus",".","sp.",".",".","PHYT","","*",NA
"P2190","","Chlorophyta","Chlorophyceae","Chlorococcales",".","Desmidiaceae",".",".","Staurodesmus",".","curvatum",".",".","PHYT","","*",NA
"P2191","","Chlorophyta","Chlorophyceae","Chlorococcales",".","Desmidiaceae",".",".","Staurodesmus",".","cuspidatus",".",".","PHYT","","*",NA
"P2192","","Chlorophyta","Chlorophyceae","Chlorococcales",".","Desmidiaceae",".",".","Staurodesmus",".","lunatum",".",".","PHYT","","*",NA
"P2193","","Chlorophyta","Chlorophyceae","Chlorococcales",".","Desmidiaceae",".",".","Staurodesmus",".","paradoxum",".",".","PHYT","","*",NA
"P2194","","Chlorophyta","Chlorophyceae","Chlorococcales",".","Desmidiaceae",".",".","Staurodesmus",".","longispinum",".",".","PHYT","","*",NA
"P2195","","Chlorophyta","Chlorophyceae","Chlorococcales",".","Desmidiaceae",".",".","Staurodesmus",".","bullardii",".",".","PHYT","","*",NA
"P2196","","Chlorophyta","Chlorophyceae","Chlorococcales",".","Desmidiaceae",".",".","Staurodesmus",".","sp.",".",".","PHYT","","*",NA
"P2197","","Chlorophyta","Chlorophyceae","Chlorococcales",".","Desmidiaceae",".",".","Desmidium",".","sp.",".",".","PHYT","","*",NA
"P2198","","Chlorophyta","Chlorophyceae","Chlorococcales",".","Desmidiaceae",".",".","Teilingia",".","granutatum",".",".","PHYT","","*",NA
"P2199","","Chlorophyta","Chlorophyceae","Chlorococcales",".","Desmidiaceae",".",".","Spondylosium",".","planum",".",".","PHYT","","*",NA
"P2200","","Chlorophyta","Chlorophyceae","Chlorococcales",".","Desmidiaceae",".",".","Spondylosium",".","sp.",".",".","PHYT","","*",NA
"P2201","","Chlorophyta","Chlorophyceae",".",".",".",".",".","Small greens",".",".",".",".","PHYT","","*",NA
"P2202","","Chlorophyta","Chlorophyceae","Volvocales",".","Volvocaceae",".",".","Scourfieldia",".","cordiformis",".",".","PHYT","","*",NA
"P2203","","Chlorophyta","Chlorophyceae","Chlorococcales",".","Oocystaceae",".",".","Chlorella",".","mucosa",".",".","PHYT","","*",NA
"P2204","","Chlorophyta","Chlorophyceae","Chlorococcales",".","Oocystaceae",".",".","Ankrya",".","judai",".",".","PHYT","","*",NA
"P2205","","Chlorophyta","Chlorophyceae","Zygnematales",".","Zygnemataceae",".",".","Mougeotia",".","sp.",".",".","PHYT","","*",NA
"P2206","","Chlorophyta","Chlorophyceae","Chlorococcales",".","Botryococcaceae",".",".","Botryococcus",".","braunii",".",".","PHYT","","*",NA
"P2207","","Chlorophyta","Chlorophyceae","Chlorococcales",".","Botryococcaceae",".",".","Botryococcus",".","protruberans",".",".","PHYT","","*",NA
"P2208","","Chlorophyta","Chlorophyceae","Chlorococcales",".","Botryococcaceae",".",".","Botryococcus",".","sudeticus",".",".","PHYT","","*",NA
"P2209","","Chlorophyta","Chlorophyceae","Chlorococcales",".","Botryococcaceae",".",".","Coccomyxa",".","sp. a",".",".","PHYT","","*",NA
"P2210","","Chlorophyta","Chlorophyceae","Ulotrichales",".","Ulotrichaceae",".",".","Gloeotilia",".","contorta",".",".","PHYT","","*",NA
"P2212","","Chlorophyta","Chlorophyceae","Chlorococcales",".","Oocystaceae",".",".","Schroederia",".","setigera",".",".","PHYT","","*",NA
"P2213","","Chlorophyta","Chlorophyceae","Zygnematales",".","Zygnemataceae",".",".","Spyrogyra",".","sp.",".",".","PHYT","","*",NA
"P2214","","Chlorophyta","Chlorophyceae","Chlorococcales",".","Oocystaceae",".",".","Westella",".","sp.",".",".","PHYT","","*",NA
"P2215","","Chlorophyta","Chlorophyceae","Chlorococcales",".","Oocystaceae",".",".","Tetraedron",".","caudatum",".",".","PHYT","","*",NA
"P2216","","Chlorophyta","Chlorophyceae","Zygnematales",".","Zygnemataceae",".",".","Zygnema",".","sp.",".",".","PHYT","","*",NA
"P2217","","Chlorophyta","Chlorophyceae","Volvocales",".","Volvocaceae",".",".","Collodictyon",".","sp.",".",".","PHYT","","*",NA
"P2218","","Chlorophyta","Chlorophyceae","Chlorococcales",".","Oocystaceae",".",".","Closteriopsis",".","longissima",".",".","PHYT","","*",NA
"P2219","","Chlorophyta","Chlorophyceae","Chlorococcales",".","Desmidiaceae",".",".","Bambusina",".","brebissonii",".",".","PHYT","","*",NA
"P2220","","Chlorophyta","Chlorophyceae","Zygnematales",".","Zygnemataceae",".",".","Zygogonium",".","sp.",".",".","PHYT","","*",NA
"P2222","","Chlorophyta","Chlorophyceae","Chlorococcales",".","Oocystaceae",".",".","Treubaria",".","sp.",".",".","PHYT","","*",NA
"P2223","","Chlorophyta","Chlorophyceae","Chlorococcales",".","Oocystaceae",".",".","Planktosphaeria",".","gelatinosa",".",".","PHYT","","*",NA
"P2224","","Chlorophyta","Chlorophyceae","Chlorococcales",".","Oocystaceae",".",".","Treubaria",".","triappendiculata",".",".","PHYT","","*",NA
"P2225","","Chlorophyta","Chlorophyceae","Chlorococcales",".","Desmidiaceae",".",".","Netrium",".","digitus",".",".","PHYT","","*",NA
"P2226","","Chlorophyta","Chlorophyceae","Ulotichales",".","Ulotichaceae",".",".","Ulothrix",".","sp.",".",".","PHYT","","*",NA
"P2227","","Chlorophyta","Chlorophyceae","Chlorococcales",".","Desmidiaceae",".",".","Gonatozygon",".","sp.",".",".","PHYT","","*",NA
"P2228","","Chlorophyta","Chlorophyceae","Oedogoniales",".","Oedogoniaceae",".",".","Oedogonium",".","sp.",".",".","PHYT","","*",NA
"P2229","","Chlorophyta","Chlorophyceae","Ulotichales",".","Ulotichaceae",".",".","Binuclearia",".","sp.",".",".","PHYT","","*",NA
"P2230","","Chlorophyta","Chlorophyceae","Tetrasporales",".","Tetrasporaceae",".",".","Tetraspora",".","sp.",".",".","PHYT","","*",NA
"P2231","","Chlorophyta","Chlorophyceae","Oedogoniales",".","Oedogoniaceae",".",".","Bulbochaete",".","sp.",".",".","PHYT","","*",NA
"P2232","","Chlorophyta","Chlorophyceae","Chlorococcales",".","Oocystaceae",".",".","Chloricystis",".","sp.",".",".","PHYT","","*",NA
"P2233","","Chlorophyta","Chlorophyceae","Volvocales",".","Volvocaceae",".",".","Pandorina",".","charkowiensis",".",".","PHYT","","*",NA
"P2234","","Chlorophyta","Chlorophyceae","Chlorococcales",".","Closteriaceae",".",".","Closteriopsis",".","sp.",".",".","PHYT","","*",NA
"P2235","","Chlorophyta","Chlorophyceae","Chlorococcales",".","Oocystaceae",".",".","Ankistrodesmus",".","spiralis",".",".","PHYT","","",NA
"P2236","","Chlorophyta","Chlorophyceae","Chlorococcales",".","Desmidiaceae",".",".","Staurodesmus",".","cerastes",".",".","PHYT","","",NA
"P2238","","Chlorophyta","Chlorophyceae","Volvocales",".","Volvocaceae",".",".","Eudorina",".","sp.",".",".","PHYT","","*",NA
"P2239","","Chlorophyta","Chlorophyceae","Chlorococcales",".","Desmidiaceae",".",".","Staurodesmus",".","teliferum",".",".","PHYT","ORDINA","*",NA
"P2240","","Chlorophyta","Chlorophyceae","Chlorococcales",".","Oocystaceae",".",".","Koliella",".","sp.",".",".","PHYT","","",NA
"P2241","","Chlorophyta","Chlorophyceae","Chlorococcales",".","Desmidiaceae",".",".","Staurodesmus",".","cingulum",".",".","PHYT","","",NA
"P2243","","Chlorophyta","Chlorophyceae","Tetrasporales",".","Tetrasporaceae",".",".","Tetraspora",".","sp. a",".",".","PHYT","","*",NA
"P2244","","Chlorophyta","Chlorophyceae","Chaetophorales",".","Chaetophoraceae",".",".","Draparnaldia",".","sp.",".",".","PHYT","","*",NA
"P2245","","Chlorophyta","Chlorophyceae","Ulotrichales",".","Ulotrichaceae",".",".","Radiofilum",".","sp.",".",".","PHYT","","*",NA
"P2246","","Chlorophyta","Chlorophyceae","Microsporales",".","Microsporaceae",".",".","Microspora",".","sp.",".",".","PHYT","","*",NA
"P2247","","Chlorophyta","Chlorophyceae","Chlorococcales",".","Oocystaceae",".",".","Oocystis",".","gigas",".",".","PHYT","","*",NA
"P2248","","Chlorophyta","Chlorophyceae","Chlorococcales",".","Desmidiaceae",".",".","Cosmarium",".","impressulum",".",".","PHYT","","*",NA
"P2249","","Chlorophyta","Chlorophyceae","Volvocales",".","Chlamydomonadaceae",".",".","Spaerellopsis",".","sp.",".",".","PHYT","","*",NA
"P2250","","Chlorophyta","Chlorophyceae","Chlorococcales",".","Oocystaceae",".",".","Tetrastrum",".","heteracanthun",".",".","PHYT","","*",NA
"P2252","","Chlorophyta","Chlorophyceae","Chlorococcales",".","Scenedesmaceae",".",".","Scenedesmus",".","acutus",".",".","PHYT","","*",NA
"P2500","","Chlorophyta","Chlorophyceae","Zygnematales",".","Zygnemataceae",".",".","Triploceras",".","sp.",".",".","PHYT","","*",NA
"P2501","","Chlorophyta","Chlorophyceae","Zygnematales",".","Zygnemataceae",".",".","Groenbladia",".","neglecta",".",".","PHYT","","*",NA
"P2502","","Chlorophyta","Chlorophyceae","Zygnematales",".","Zygnemataceae",".",".","Hyalotheca",".","mucosa",".",".","PHYT","","*",NA
"P2506","","Chlorophyta","Chlorophyceae","Chlorococcales",".","Oocystaceae",".",".","Nephrocytiun",".","lunatum",".",".","PHYT","","*",NA
"P2516","","Chlorophyta","Chlorophyceae","Volvocales",".","Chlamydomonadaceae",".",".","Characiochloris",".","incrassata",".",".","PHYT","","*",NA
"P2951","","Chlorophyta","Chlorophyceae","Volvocales",".","Polyblepharidaceae",".",".","Pyramimonas",".","micron",".",".","PHYT","","*",NA
"P2952","","Chlorophyta","Chlorophyceae","Cladophorales",".","Cladophoraceae",".",".","Cladophora",".","sp.",".",".","PHYT","","*",NA
"P2953","","Chlorophyta","Chlorophyceae","Cladophorales",".","Cladophoraceae",".",".","Rhizoclonium",".","sp.",".",".","PHYT","","*",NA
"P2954","","Chlorophyta","Chlorophyceae","Chaetophorales",".","Chaetophoraceae",".",".","Stigeoclonium",".","sp.",".",".","PHYT","","*",NA
"P2955","","Chlorophyta","Chlorophyceae","Tetrasporales",".","Chlorangiaceae",".",".","Tetraspora",".","sp.",".",".","PHYT","","*",NA
"P2956","","Chlorophyta","Chlorophyceae","Ulotichales",".","Ulotichaceae",".",".","Hormidiopsis",".","sp.",".",".","PHYT","","*",NA
"P2958","","Chlorophyta","Chlorophyceae","Volvocales",".","Volvocaceae",".",".","Spermatozopsis",".","sp.",".",".","PHYT","","*",NA
"P2960","","Chlorophyta","Chlorophyceae","Ulotrichales",".","Ulotrichaceae",".",".","Stichococcus",".","bacillaris",".",".","PHYT","","*",NA
"P3300","","Euglenophyta","Euglenophyceae","Euglenales",".","Euglenaceae",".",".","Euglena",".","viridis",".",".","PHYT","","*",NA
"P3301","","Euglenophyta","Euglenophyceae","Euglenales",".","Euglenaceae",".",".","Euglena",".","acus",".",".","PHYT","","*",NA
"P3302","","Euglenophyta","Euglenophyceae","Euglenales",".","Euglenaceae",".",".","Euglena",".","sp.",".",".","PHYT","","*",NA
"P3303","","Euglenophyta","Euglenophyceae","Euglenales",".","Euglenaceae",".",".","Lepocinclis",".","ovum",".",".","PHYT","","*",NA
"P3304","","Euglenophyta","Euglenophyceae","Euglenales",".","Euglenaceae",".",".","Phacus",".","sp.",".",".","PHYT","","*",NA
"P3305","","Euglenophyta","Euglenophyceae","Euglenales",".","Euglenaceae",".",".","Trachelomonas",".","volvocina",".",".","PHYT","","*",NA
"P3306","","Euglenophyta","Euglenophyceae","Euglenales",".","Euglenaceae",".",".","Trachelomonas",".","hispida",".",".","PHYT","","*",NA
"P3307","","Euglenophyta","Euglenophyceae","Euglenales",".","Euglenaceae",".",".","Trachelomonas",".","spinosa",".",".","PHYT","","*",NA
"P3308","","Euglenophyta","Euglenophyceae","Euglenales",".","Euglenaceae",".",".","Trachelomonas",".","sp.",".",".","PHYT","","*",NA
"P3309","","Euglenophyta","Euglenophyceae","Euglenales",".","Euglenaceae",".",".","Astasia",".","sp.",".",".","PHYT","","*",NA
"P3310","","Euglenophyta","Euglenophyceae","Euglenales",".","Euglenaceae",".",".","Euglena",".","mutabilis",".",".","PHYT","","*",NA
"P3311","","Euglenophyta","Euglenophyceae","Euglenales",".","Euglenaceae",".",".","Euglena",".","cysts",".",".","PHYT","","*",NA
"P3951","","Euglenophyta","Euglenophyceae","Euglenales",".","Euglenaceae",".",".","Euglena",".","proxima",".",".","PHYT","","*",NA
"P4242","","Chrysophyta","Chrysophyceae","Heterococcales",".","Tribonemataceae",".",".","Tribonema",".","sp.",".",".","PHYT","","*",NA
"P4351","","Chrysophyta","Chrysophyceae",".",".",".",".",".","Small chrysophyceae",".",".",".",".","PHYT","","*",NA
"P4352","","Chrysophyta","Chrysophyceae",".",".",".",".",".","Large chrysophyceae",".",".",".",".","PHYT","","*",NA
"P4353","","Chrysophyta","Chrysophyceae","Chrysomonadales",".","Chromulineae",".",".","Chromulina",".","erkensis",".",".","PHYT","","*",NA
"P4354","","Chrysophyta","Chrysophyceae","Chrysomonadales",".","Chromulineae",".",".","Chromulina",".","spp.",".",".","PHYT","","*",NA
"P4355","","Chrysophyta","Chrysophyceae","Prymnesiales",".","Prymnesiaceae",".",".","Chrysochromulina",".","parva",".",".","PHYT","","*",NA
"P4356","","Chrysophyta","Chrysophyceae","Chrysomonadales",".","Chrysocapsaceae",".",".","Chrysococcus",".","minutus",".",".","PHYT","","*",NA
"P4357","","Chrysophyta","Chrysophyceae","Chrysomonadales",".","Chrysocapsaceae",".",".","Chrysococcus",".","sp.",".",".","PHYT","","*",NA
"P4358","","Chrysophyta","Chrysophyceae","Rhizochrysidales",".","Rhizochrysidaceae",".",".","Chrysostephanospaera",".","globulifera",".",".","PHYT","","*",NA
"P4359","","Chrysophyta","Chrysophyceae","Chrysomonadales",".","Chromulineae",".",".","Kephyrion",".","littorale",".",".","PHYT","","*",NA
"P4360","","Chrysophyta","Chrysophyceae","Chrysomonadales",".","Chromulineae",".",".","Kephyrion",".","spirale",".",".","PHYT","","*",NA
"P4361","","Chrysophyta","Chrysophyceae","Chrysomonadales",".","Chromulineae",".",".","Kephyrion",".","boreale",".",".","PHYT","","*",NA
"P4362","","Chrysophyta","Chrysophyceae","Chrysomonadales",".","Chromulineae",".",".","Kephyrion",".","sp.",".",".","PHYT","","*",NA
"P4363","","Chrysophyta","Chrysophyceae","Ochromonadales",".","Synuraceae",".",".","Spiniferomonas",".","serratus",".",".","PHYT","","*",NA
"P4364","","Chrysophyta","Chrysophyceae","Ochromonadales",".","Synuraceae",".",".","Mallomonas",".","caudata",".",".","PHYT","","*",NA
"P4365","","Chrysophyta","Chrysophyceae","Ochromonadales",".","Synuraceae",".",".","Mallomonas",".","acaroides",".",".","PHYT","","*",NA
"P4366","","Chrysophyta","Chrysophyceae","Ochromonadales",".","Synuraceae",".",".","Mallomonas",".","elongata",".",".","PHYT","","*",NA
"P4367","","Chrysophyta","Chrysophyceae","Ochromonadales",".","Synuraceae",".",".","Mallomonas",".","duerrschmidtiae",".",".","PHYT","","*",NA
"P4368","","Chrysophyta","Chrysophyceae","Ochromonadales",".","Synuraceae",".",".","Mallomonas",".","crassisquama",".",".","PHYT","","*",NA
"P4369","","Chrysophyta","Chrysophyceae","Ochromonadales",".","Synuraceae",".",".","Mallomonas",".","pseudocoronata",".",".","PHYT","","*",NA
"P4370","","Chrysophyta","Chrysophyceae","Ochromonadales",".","Synuraceae",".",".","Mallomonas",".","akrokomos",".",".","PHYT","","*",NA
"P4371","","Chrysophyta","Chrysophyceae","Ochromonadales",".","Synuraceae",".",".","Mallomonas",".","transsylvanica",".",".","PHYT","","*",NA
"P4372","","Chrysophyta","Chrysophyceae","Ochromonadales",".","Synuraceae",".",".","Mallomonas",".","tonsurata",".",".","PHYT","","*",NA
"P4373","","Chrysophyta","Chrysophyceae","Ochromonadales",".","Synuraceae",".",".","Mallomonas",".","spp.",".",".","PHYT","","*",NA
"P4374","","Chrysophyta","Chrysophyceae","Ochromonadales",".","Synuraceae",".",".","Synura",".","spinosa",".",".","PHYT","","*",NA
"P4375","","Chrysophyta","Chrysophyceae","Ochromonadales",".","Synuraceae",".",".","Synura",".","sphagnicola",".",".","PHYT","","*",NA
"P4376","","Chrysophyta","Chrysophyceae","Ochromonadales",".","Synuraceae",".",".","Synura",".","echinulata",".",".","PHYT","","*",NA
"P4377","","Chrysophyta","Chrysophyceae","Ochromonadales",".","Synuraceae",".",".","Synura",".","spp.",".",".","PHYT","","*",NA
"P4378","","Chrysophyta","Chrysophyceae","Ochromonadales",".","Dinobryoaceae",".",".","Dinobryon",".","borgei",".",".","PHYT","","*",NA
"P4379","","Chrysophyta","Chrysophyceae","Ochromonadales",".","Dinobryoaceae",".",".","Dinobryon",".","suecicum",".",".","PHYT","longispinum","*",NA
"P4380","","Chrysophyta","Chrysophyceae","Ochromonadales",".","Dinobryoaceae",".",".","Dinobryon",".","suecicum",".",".","PHYT","","*",NA
"P4381","","Chrysophyta","Chrysophyceae","Ochromonadales",".","Dinobryoaceae",".",".","Dinobryon",".","mucronutom",".",".","PHYT","","*",NA
"P4382","","Chrysophyta","Chrysophyceae","Ochromonadales",".","Dinobryoaceae",".",".","Dinobryon",".","elegantissimum",".",".","PHYT","","*",NA
"P4383","","Chrysophyta","Chrysophyceae","Ochromonadales",".","Dinobryoaceae",".",".","Dinobryon",".","bavaricum",".",".","PHYT","","*",NA
"P4384","","Chrysophyta","Chrysophyceae","Ochromonadales",".","Dinobryoaceae",".",".","Dinobryon",".","bavaricum",".",".","PHYT","vanhoeffenii","*",NA
"P4385","","Chrysophyta","Chrysophyceae","Ochromonadales",".","Dinobryoaceae",".",".","Dinobryon",".","divergens",".",".","PHYT","","*",NA
"P4386","","Chrysophyta","Chrysophyceae","Ochromonadales",".","Dinobryoaceae",".",".","Dinobryon",".","divergens",".",".","PHYT","schauinslandii","*",NA
"P4387","","Chrysophyta","Chrysophyceae","Ochromonadales",".","Dinobryoaceae",".",".","Dinobryon",".","cylindricum",".",".","PHYT","","*",NA
"P4388","","Chrysophyta","Chrysophyceae","Ochromonadales",".","Dinobryoaceae",".",".","Dinobryon",".","sertularia",".",".","PHYT","","*",NA
"P4389","","Chrysophyta","Chrysophyceae","Ochromonadales",".","Dinobryoaceae",".",".","Dinobryon",".","sertularia",".",".","PHYT","protruberans","*",NA
"P4390","","Chrysophyta","Chrysophyceae","Ochromonadales",".","Dinobryoaceae",".",".","Dinobryon",".","sociale",".",".","PHYT","","*",NA
"P4391","","Chrysophyta","Chrysophyceae","Ochromonadales",".","Dinobryoaceae",".",".","Dinobryon",".","sociale",".",".","PHYT","stipitatum","*",NA
"P4392","","Chrysophyta","Chrysophyceae","Ochromonadales",".","Dinobryoaceae",".",".","Dinobryon",".","sociale",".",".","PHYT","americanum","*",NA
"P4393","","Chrysophyta","Chrysophyceae","Ochromonadales",".","Dinobryoaceae",".",".","Dinobryon",".","spp.",".",".","PHYT","","*",NA
"P4394","","Chrysophyta","Chrysophyceae","Ochromonadales",".","Dinobryoaceae",".",".","Epipyxis",".","sp.",".",".","PHYT","","*",NA
"P4395","","Chrysophyta","Chrysophyceae","Ochromonadales",".","Dinobryoaceae",".",".","Epipyxis",".","sp. a",".",".","PHYT","","*",NA
"P4396","","Chrysophyta","Chrysophyceae","Ochromonadales",".","Ochromonadaceae",".",".","Chrysolkos",".","skuja",".",".","PHYT","","*",NA
"P4397","","Chrysophyta","Chrysophyceae","Ochromonadales",".","Ochromonadaceae",".",".","Chrysolkos",".","planctonicus",".",".","PHYT","","*",NA
"P4398","","Chrysophyta","Chrysophyceae","Ochromonadales",".","Ochromonadaceae",".",".","Ochromonas",".","globosa",".",".","PHYT","","*",NA
"P4399","","Chrysophyta","Chrysophyceae","Ochromonadales",".","Ochromonadaceae",".",".","Ochromonas",".","verrucosa",".",".","PHYT","","*",NA
"P4400","","Chrysophyta","Chrysophyceae","Ochromonadales",".","Ochromonadaceae",".",".","Ochromonas",".","sp.",".",".","PHYT","","*",NA
"P4401","","Chrysophyta","Chrysophyceae","Ochromonadales",".","Ochromonadaceae",".",".","Uroglena",".","volvox",".",".","PHYT","","*",NA
"P4402","","Chrysophyta","Chrysophyceae","Ochromonadales",".","Synuraceae",".",".","Chrysosphaerella",".","coronacircumspina",".",".","PHYT","","*",NA
"P4403","","Chrysophyta","Chrysophyceae","Ochromonadales",".","Synuraceae",".",".","Chrysosphaerella",".","longispina",".",".","PHYT","","*",NA
"P4404","","Chrysophyta","Chrysophyceae","Ochromonadales",".","Ochromonadaceae",".",".","Pseudokephyrion",".","parvum",".",".","PHYT","","*",NA
"P4405","","Chrysophyta","Chrysophyceae","Ochromonadales",".","Ochromonadaceae",".",".","Pseudokephyrion",".","minutissima",".",".","PHYT","","*",NA
"P4406","","Chrysophyta","Chrysophyceae","Ochromonadales",".","Ochromonadaceae",".",".","Pseudokephyrion",".","spirale",".",".","PHYT","","*",NA
"P4407","","Chrysophyta","Chrysophyceae","Ochromonadales",".","Ochromonadaceae",".",".","Pseudokephyrion",".","entzii",".",".","PHYT","","*",NA
"P4408","","Chrysophyta","Chrysophyceae","Ochromonadales",".","Ochromonadaceae",".",".","Pseudokephyrion",".","boreale",".",".","PHYT","","*",NA
"P4409","","Chrysophyta","Chrysophyceae","Ochromonadales",".","Ochromonadaceae",".",".","Pseudokephyrion",".","spp.",".",".","PHYT","","*",NA
"P4410","","Chrysophyta","Chrysophyceae","Chrysomonadales",".","Chrysocapsaceae",".",".","Chrysocapsa",".","planctonica",".",".","PHYT","","*",NA
"P4411","","Chrysophyta","Chrysophyceae","Ochromonadales",".","Ochromonadaceae",".",".","Bitrichia",".","chodatii",".",".","PHYT","","*",NA
"P4412","","Chrysophyta","Chrysophyceae","Ochromonadales",".","Ochromonadaceae",".",".","Bitrichia",".","longispina",".",".","PHYT","","*",NA
"P4413","","Chrysophyta","Chrysophyceae","Prymnesiales",".","Prymnesiaceae",".",".","Chrysochromulina",".","laurentiana",".",".","PHYT","","*",NA
"P4414","","Chrysophyta","Chrysophyceae","Chrysosphaerales",".","Stichogloeaceae",".",".","Stichogloea",".","spp.",".",".","PHYT","","*",NA
"P4415","","Chrysophyta","Chrysophyceae","Protomastales",".","Bicoeccaceae",".",".","Bicoeca",".","lacustris",".",".","PHYT","","*",NA
"P4416","","Chrysophyta","Chrysophyceae","Protomastales",".","Bicoeccaceae",".",".","Bicoeca",".","ainikkiae",".",".","PHYT","","*",NA
"P4417","","Chrysophyta","Chrysophyceae","Protomastales",".","Bicoeccaceae",".",".","Bicoeca",".","spp.",".",".","PHYT","","*",NA
"P4418","","Chrysophyta","Chrysophyceae","Protomastales",".","Craspedomonadaceae",".",".","Salpingoeca",".","frequentissima",".",".","PHYT","","*",NA
"P4419","","Chrysophyta","Chrysophyceae","Heterococcales",".","Pleurochoridaceae",".",".","Isthmochloron",".","trispinatum",".",".","PHYT","","*",NA
"P4420","","Chrysophyta","Chrysophyceae","Heterococcales",".","Gloeobotrydaceae",".",".","Gloeobotrys",".","limneticus",".",".","PHYT","","*",NA
"P4421","","Chrysophyta","Chrysophyceae","Heterococcales",".","Chlorotheciaceae",".",".","Ophiocytium",".","cochleare",".",".","PHYT","","*",NA
"P4422","","Chrysophyta","Chrysophyceae","Heterococcales",".","Chlorotheciaceae",".",".","Ophiocytium",".","capitatum",".",".","PHYT","","*",NA
"P4424","","Chrysophyta","Chrysophyceae","Ochromonadales",".","Synuraceae",".",".","Mallomonas",".","papillosa",".",".","PHYT","","*",NA
"P4425","","Chrysophyta","Chrysophyceae","Ochromonadales",".","Synuraceae",".",".","Mallomonas",".","hamata",".",".","PHYT","","*",NA
"P4426","","Chrysophyta","Chrysophyceae","Ochromonadales",".","Synuraceae",".",".","Mallomonas",".","marjorensis",".",".","PHYT","","*",NA
"P4427","","Chrysophyta","Chrysophyceae","Ochromonadales",".","Synuraceae",".",".","Chrysosphaerella",".","longispina",".",".","PHYT","a.","*",NA
"P4428","","Chrysophyta","Chrysophyceae","Ochromonadales",".","Synuraceae",".",".","Spiniferomonas",".","sp.",".",".","PHYT","","*",NA
"P4429","","Chrysophyta","Chrysophyceae","Ochromonadales",".","Dinobryoaceae",".",".","Dinobryon",".","tubaeforme",".",".","PHYT","","*",NA
"P4430","","Chrysophyta","Chrysophyceae","Ochromonadales",".","Dinobryoaceae",".",".","Dinobryon",".","crenulatum",".",".","PHYT","","*",NA
"P4431","","Chrysophyta","Chrysophyceae","Ochromonadales",".","Synuraceae",".",".","Synura",".","petersenii",".",".","PHYT","","*",NA
"P4433","","Chrysophyta","Chrysophyceae","Ochromonadales",".","Ochromonadaceae",".",".","Chrysolkos",".","anulatus",".",".","PHYT","","*",NA
"P4434","","Chrysophyta","Chrysophyceae","Chromonadales",".","Chrysococcaceae",".",".","Chrysococcus",".","furcatus",".",".","PHYT","","*",NA
"P4435","","Chrysophyta","Chrysophyceae","Chrysomonadales",".","Chromulineae",".",".","Porochrysis",".","sp.",".",".","PHYT","","*",NA
"P4436","","Chrysophyta","Chrysophyceae","Ochromonadales",".","Dinobryoaceae",".",".","Dinobryon",".","attenatum",".",".","PHYT","","*",NA
"P4437","","Chrysophyta","Chrysophyceae","Rhizochrysidales",".","Rhizochrysidaceae",".",".","Pteridomonas",".","sp.",".",".","PHYT","","*",NA
"P4438","","Chrysophyta","Chrysophyceae","Ochromonadales",".","Synuraceae",".",".","Spiniferomonas",".","bourrelly",".",".","PHYT","","*",NA
"P4439","","Chrysophyta","Chrysophyceae","Ochromonadales",".","Synuraceae",".",".","Chrysosphaerella",".","brevispina",".",".","PHYT","","*",NA
"P4440","","Chrysophyta","Chrysophyceae","Rhizomastigales",".","Rhizomastigaceae",".",".","Stelexomonas",".","dichotoma",".",".","PHYT","","*",NA
"P4441","","Chrysophyta","Chrysophyceae","Ochromonadales",".","Synuraceae",".",".","Synura",".","uvella",".",".","PHYT","","*",NA
"P4442","","Chrysophyta","Chrysophyceae","Ochromonadales",".","Synuraceae",".",".","Mallomonas",".","reginae",".",".","PHYT","","*",NA
"P4443","","Chrysophyta","Chrysophyceae","Ochromonadales",".","Synuraceae",".",".","Mallomonas",".","doignonii",".",".","PHYT","","*",NA
"P4444","","Chrysophyta","Chrysophyceae","Ochromonadales",".","Dinobryoaceae",".",".","Dinobryon",".","pediforme",".",".","PHYT","","*",NA
"P4445","","Chrysophyta","Chrysophyceae","Ochromonadales",".","Synuraceae",".",".","Mallomonas",".","heterospina",".",".","PHYT","","*",NA
"P4446","","Chrysophyta","Chrysophyceae","Protomastales",".","Craspedomonadaceae",".",".","Salpingoeca",".","elegans",".",".","PHYT","","*",NA
"P4447","","Chrysophyta","Chrysophyceae","Rhizochrysidales",".","Rhizochrysidaceae",".",".","Chrysidiastrum",".","catenatum",".",".","PHYT","","*",NA
"P4448","","Chrysophyta","Chrysophyceae","Rhizochrysidales",".","Rhizochrysidaceae",".",".","Rhizochrysis",".","scherffelii",".",".","PHYT","","*",NA
"P4449","","Chrysophyta","Chrysophyceae","Ochromonadales",".","Ochromonadaceae",".",".","Uroglena",".","sp. a",".",".","PHYT","","*",NA
"P4450","","Chrysophyta","Chrysophyceae","Ochromonadales",".","Synuraceae",".",".","Mallomonas",".","torquata",".",".","PHYT","","",NA
"P4452","","Chrysophyta","Chrysophyceae","Ochromonadales",".","Ochromonadaceae",".",".","Uroglena",".","botrys",".",".","PHYT","","",NA
"P4453","","Chrysophyta","Chrysophyceae","Protomastales",".","Craspedomonadaceae",".",".","Desmarella",".","brachycalyx",".",".","PHYT","","",NA
"P4454","","Chrysophyta","Chrysophyceae","Protomastales",".","Craspedomonadaceae",".",".","Sphaeroeca",".","volvox",".",".","PHYT","","*",NA
"P4456","","Chrysophyta","Chrysophyceae","Chromonadales",".","Hydruraceae",".",".","Hydrurus",".","sp.",".",".","PHYT","","*",NA
"P4458","","Chrysophyta","Chrysophyceae","Chromonadales",".","Xanthopyceae",".",".","Ducelliera",".","chodatii",".",".","PHYT","","*",NA
"P4513","","Chrysophyta","Chrysophyceae","Prymnesiales",".","Prymnesiaceae",".",".","Chrysochromulina",".","breviturrita",".",".","PHYT","","*",NA
"P4910","","Chrysophyta","Chrysophyceae","Ochromonadales",".","Ruttneraceae",".",".","Phaeocystis",".","pouchetii",".",".","PHYT","","*",NA
"P4954","","Chrysophyta","Chrysophyceae","Ochromonadales",".","Dinobryoaceae",".",".","Dinobryon",".","baltica",".",".","PHYT","","*",NA
"P5304","","Chrysophyta","Bacillariophyceae","Centrales",".","Melosiroideae",".",".","Aulacoseira",".","distans",".",".","PHYT","humilis","*",NA
"P5307","","Chrysophyta","Bacillariophyceae","Naviculales",".","Gomphonemaceae",".",".","Gomphonema",".","gracile",".",".","PHYT","","*",NA
"P5444","","Chrysophyta","Bacillariophyceae","Fragilariales",".","Fragilarioideae",".",".","Fragilaria",".","construens",".",".","PHYT","BINODIS","*",NA
"P5445","","Chrysophyta","Bacillariophyceae","Naviculales",".","Gomphonemaceae",".",".","Gomphonema",".","constrictum",".",".","PHYT","","*",NA
"P5446","","Chrysophyta","Bacillariophyceae","Naviculales",".","Gomphonemaceae",".",".","Gomphonema",".","constrictum",".",".","PHYT","capitata","*",NA
"P5447","","Chrysophyta","Bacillariophyceae","Naviculales",".","Gomphonemaceae",".",".","Gomphonema",".","ventricosum",".",".","PHYT","","*",NA
"P5500","","Chrysophyta","Bacillariophyceae","Centrales",".","Melosiroideae",".",".","Aulacoseira",".","granulata",".",".","PHYT","","*",NA
"P5501","","Chrysophyta","Bacillariophyceae","Centrales",".","Melosiroideae",".",".","Aulacoseira",".","islandica",".",".","PHYT","","*",NA
"P5502","","Chrysophyta","Bacillariophyceae","Centrales",".","Melosiroideae",".",".","Aulacoseira",".","italica",".",".","PHYT","","*",NA
"P5503","","Chrysophyta","Bacillariophyceae","Centrales",".","Melosiroideae",".",".","Aulacoseira",".","distans",".",".","PHYT","","*",NA
"P5504","","Chrysophyta","Bacillariophyceae","Centrales",".","Melosiroideae",".",".","Aulacoseira",".","sp.",".",".","PHYT","","*",NA
"P5505","","Chrysophyta","Bacillariophyceae","Centrales",".","Coscinodiscoideae",".",".","Cyclotella",".","meneghiniana",".",".","PHYT","","*",NA
"P5507","","Chrysophyta","Bacillariophyceae","Centrales",".","Coscinodiscoideae",".",".","Cyclotella",".","stelligera",".",".","PHYT","","*",NA
"P5508","","Chrysophyta","Bacillariophyceae","Centrales",".","Coscinodiscoideae",".",".","Cyclotella",".","psuedostelligera",".",".","PHYT","","*",NA
"P5509","","Chrysophyta","Bacillariophyceae","Centrales",".","Coscinodiscoideae",".",".","Cyclotella",".","ocellata",".",".","PHYT","","*",NA
"P5510","","Chrysophyta","Bacillariophyceae","Centrales",".","Coscinodiscoideae",".",".","Cyclotella",".","spp.",".",".","PHYT","","*",NA
"P5511","","Chrysophyta","Bacillariophyceae","Rhizosoleniales",".","Rhizosoleneae",".",".","Rhizosolenia",".","eriense",".",".","PHYT","","*",NA
"P5512","","Chrysophyta","Bacillariophyceae","Rhizosoleniales",".","Rhizosoleneae",".",".","Rhizosolenia",".","longiseta",".",".","PHYT","","*",NA
"P5513","","Chrysophyta","Bacillariophyceae","Fragilariales",".","Tabellarioideae",".",".","Tabellaria",".","fenestrata",".",".","PHYT","","*",NA
"P5514","","Chrysophyta","Bacillariophyceae","Fragilariales",".","Tabellarioideae",".",".","Tabellaria",".","flocculsa",".",".","PHYT","","*",NA
"P5515","","Chrysophyta","Bacillariophyceae","Fragilariales",".","Fragilarioideae",".",".","Fragilaria",".","crotonensis",".",".","PHYT","","*",NA
"P5516","","Chrysophyta","Bacillariophyceae","Fragilariales",".","Fragilarioideae",".",".","Fragilaria",".","construens",".",".","PHYT","","*",NA
"P5517","","Chrysophyta","Bacillariophyceae","Fragilariales",".","Fragilarioideae",".",".","Fragilaria",".","spp.",".",".","PHYT","","*",NA
"P5518","","Chrysophyta","Bacillariophyceae","Fragilariales",".","Fragilarioideae",".",".","Synedra",".","acus",".",".","PHYT","","*",NA
"P5519","","Chrysophyta","Bacillariophyceae","Fragilariales",".","Fragilarioideae",".",".","Synedra",".","acus",".",".","PHYT","radians","*",NA
"P5520","","Chrysophyta","Bacillariophyceae","Fragilariales",".","Fragilarioideae",".",".","Synedra",".","acus",".",".","PHYT","angustissima","*",NA
"P5521","","Chrysophyta","Bacillariophyceae","Fragilariales",".","Fragilarioideae",".",".","Synedra",".","nana",".",".","PHYT","","*",NA
"P5522","","Chrysophyta","Bacillariophyceae","Fragilariales",".","Fragilarioideae",".",".","Synedra",".","sp.",".",".","PHYT","","*",NA
"P5523","","Chrysophyta","Bacillariophyceae","Fragilariales",".","Fragilarioideae",".",".","Synedra",".","ulna",".",".","PHYT","","*",NA
"P5524","","Chrysophyta","Bacillariophyceae","Fragilariales",".","Fragilarioideae",".",".","Asterionella",".","formosa",".",".","PHYT","","*",NA
"P5525","","Chrysophyta","Bacillariophyceae","Fragilariales",".","Fragilarioideae",".",".","Asterionella",".","ralfsii",".",".","PHYT","americana","*",NA
"P5526","","Chrysophyta","Bacillariophyceae","Fragilariales",".","Fragilarioideae",".",".","Asterionella",".","sp.",".",".","PHYT","","*",NA
"P5527","","Chrysophyta","Bacillariophyceae",".",".",".",".",".","Small diatoms",".",".",".",".","PHYT","","*",NA
"P5528","","Chrysophyta","Bacillariophyceae",".",".",".",".",".","Large diatoms",".",".",".",".","PHYT","","*",NA
"P5529","","Chrysophyta","Bacillariophyceae","Eunotiales",".","Eunotiaceae",".",".","Eunotia",".","zazumenensis",".",".","PHYT","","*",NA
"P5530","","Chrysophyta","Bacillariophyceae","Centrales",".","Coscinodiscoideae",".",".","Stephanodiscus",".","niagarae",".",".","PHYT","","*",NA
"P5531","","Chrysophyta","Bacillariophyceae","Centrales",".","Coscinodiscoideae",".",".","Stephanodiscus",".","hantzschii",".",".","PHYT","","*",NA
"P5532","","Chrysophyta","Bacillariophyceae","Centrales",".","Coscinodiscoideae",".",".","Stephanodiscus",".","alpinus",".",".","PHYT","","*",NA
"P5534","","Chrysophyta","Bacillariophyceae","Centrales",".","Coscinodiscoideae",".",".","Stephanodiscus",".","sp.",".",".","PHYT","","*",NA
"P5535","","Chrysophyta","Bacillariophyceae","Centrales",".","Coscinodiscoideae",".",".","Stephanodiscus",".","damasii",".",".","PHYT","","*",NA
"P5536","","Chrysophyta","Bacillariophyceae","Fragilariales",".","Tabellarioideae",".",".","Tabellaria",".","fenestrata",".",".","PHYT","intermedia","*",NA
"P5537","","Chrysophyta","Bacillariophyceae","Naviculales",".","Naviculaceae",".",".","Stauroneis",".","sp.",".",".","PHYT","","*",NA
"P5538","","Chrysophyta","Bacillariophyceae",".",".",".",".",".","Penate diatoms",".",".",".",".","PHYT","","*",NA
"P5539","","Chrysophyta","Bacillariophyceae","Naviculales",".","Gomphonemaceae",".",".","Gomphonema",".","sp.",".",".","PHYT","","*",NA
"P5540","","Chrysophyta","Bacillariophyceae","Centrales",".","Melosiroideae",".",".","Aulacoseira",".","italica",".",".","PHYT","subarctica","*",NA
"P5541","","Chrysophyta","Bacillariophyceae","Nitzschiales",".","Nitzschioideae",".",".","Nitzschia",".","clausii",".",".","PHYT","","*",NA
"P5542","","Chrysophyta","Bacillariophyceae","Fragilariales",".","Tabellarioideae",".",".","Tabellaria",".","quadriseptata",".",".","PHYT","","*",NA
"P5543","","Chrysophyta","Bacillariophyceae","Naviculales",".","Naviculaceae",".",".","Frustrulia",".","sp.",".",".","PHYT","","*",NA
"P5544","","Chrysophyta","Bacillariophyceae","Naviculales",".","Naviculaceae",".",".","Pinnularia",".","sp.",".",".","PHYT","","*",NA
"P5545","","Chrysophyta","Bacillariophyceae","Nitzschiales",".","Nitzschioideae",".",".","Nitzschia",".","sp.",".",".","PHYT","","*",NA
"P5546","","Chrysophyta","Bacillariophyceae","Naviculales",".","Naviculaceae",".",".","Gyrosigma",".","sp.",".",".","PHYT","","*",NA
"P5547","","Chrysophyta","Bacillariophyceae","Naviculales",".","Naviculaceae",".",".","Frustrulia",".","rhomboides",".",".","PHYT","","*",NA
"P5549","","Chrysophyta","Bacillariophyceae","Centrales",".","Melosiroideae",".",".","Stephanodiscus",".","binderanus",".",".","PHYT","oestrupii","*",NA
"P5550","","Chrysophyta","Bacillariophyceae","Fragilariales",".","Fragilarioideae",".",".","Fragilaria",".","capucina",".",".","PHYT","rumpens","*",NA
"P5551","","Chrysophyta","Bacillariophyceae","Centrales",".","Coscinodiscoideae",".",".","Cyclotella",".","michiganiana",".",".","PHYT","","*",NA
"P5699","","Chrysophyta","Bacillariophyceae","Rhizosoleniales",".","Rhizosoleneae",".",".","Rhizosolenia",".","sp.",".",".","PHYT","","*",NA
"P5700","","Chrysophyta","Bacillariophyceae","Achnanthales",".","Achnanthaceae",".",".","Achnanthes",".","linearis",".",".","PHYT","","*",NA
"P5701","","Chrysophyta","Bacillariophyceae","Achnanthales",".","Achnanthaceae",".",".","Achnanthes",".","marginatus",".",".","PHYT","","*",NA
"P5702","","Chrysophyta","Bacillariophyceae","Achnanthales",".","Achnanthaceae",".",".","Achnanthes",".","minutissima",".",".","PHYT","","*",NA
"P5704","","Chrysophyta","Bacillariophyceae","Naviculales",".","Naviculaceae",".",".","Anomoeonies",".","sp.",".",".","PHYT","","*",NA
"P5707","","Chrysophyta","Bacillariophyceae","Naviculales",".","Naviculaceae",".",".","Amphipleura",".","sp.",".",".","PHYT","","*",NA
"P5710","","Chrysophyta","Bacillariophyceae","Naviculales",".","Cymbellaceae",".",".","Amphora",".","sp.",".",".","PHYT","","*",NA
"P5715","","Chrysophyta","Bacillariophyceae","Naviculales",".","Cymbellaceae",".",".","Cymbella",".","affinis",".",".","PHYT","","*",NA
"P5716","","Chrysophyta","Bacillariophyceae","Naviculales",".","Cymbellaceae",".",".","Cymbella",".","sp.",".",".","PHYT","","*",NA
"P5720","","Chrysophyta","Bacillariophyceae","Centrales",".","Coscinodiscoideae",".",".","Cyclotella",".","bodanica",".",".","PHYT","","*",NA
"P5721","","Chrysophyta","Bacillariophyceae","Rhizosoleniales",".","Chaetoceraceae",".",".","Chaetoceros",".","sp.",".",".","PHYT","","*",NA
"P5725","","Chrysophyta","Bacillariophyceae","Naviculales",".","Naviculaceae",".",".","Diploneis",".","sp.",".",".","PHYT","","*",NA
"P5726","","Chrysophyta","Bacillariophyceae","Achnanthales",".","Achnanthaceae",".",".","Eucocconeis",".","sp.",".",".","PHYT","","*",NA
"P5727","","Chrysophyta","Bacillariophyceae","Epithemiales",".","Epithemiaceae",".",".","Epithemia",".","sorex",".",".","PHYT","","*",NA
"P5728","","Chrysophyta","Bacillariophyceae","Epithemiales",".","Epithemiaceae",".",".","Epithemia",".","argus",".",".","PHYT","","*",NA
"P5729","","Chrysophyta","Bacillariophyceae","Epithemiales",".","Epithemiaceae",".",".","Epithemia",".","sp.",".",".","PHYT","","*",NA
"P5730","","Chrysophyta","Bacillariophyceae","Eunotiales",".","Eunotiaceae",".",".","Eunotia",".","flexuosa",".",".","PHYT","","*",NA
"P5732","","Chrysophyta","Bacillariophyceae","Eunotiales",".","Eunotiaceae",".",".","Eunotia",".","robusta",".",".","PHYT","","*",NA
"P5733","","Chrysophyta","Bacillariophyceae","Eunotiales",".","Eunotiaceae",".",".","Eunotia",".","pectinalis",".",".","PHYT","","*",NA
"P5734","","Chrysophyta","Bacillariophyceae","Eunotiales",".","Eunotiaceae",".",".","Eunotia",".","lunaris",".",".","PHYT","","*",NA
"P5735","","Chrysophyta","Bacillariophyceae","Naviculales",".","Naviculaceae",".",".","Frustrulia",".","vulgaris",".",".","PHYT","","*",NA
"P5736","","Chrysophyta","Bacillariophyceae","Fragilariales",".","Fragilarioideae",".",".","Fragilaria",".","acidobiontia",".",".","PHYT","","*",NA
"P5737","","Chrysophyta","Bacillariophyceae","Eunotiales",".","Eunotiaceae",".",".","Eunotia",".","meisteri",".",".","PHYT","","*",NA
"P5740","","Chrysophyta","Bacillariophyceae","Naviculales",".","Naviculaceae",".",".","Navicula",".","granulata",".",".","PHYT","","*",NA
"P5741","","Chrysophyta","Bacillariophyceae","Naviculales",".","Gomphonemaceae",".",".","Gomphonema",".","acuminatum",".",".","PHYT","","*",NA
"P5742","","Chrysophyta","Bacillariophyceae","Naviculales",".","Gomphonemaceae",".",".","Gomphonema",".","acuminatum",".",".","PHYT","coronata","*",NA
"P5743","","Chrysophyta","Bacillariophyceae","Centrales",".","Melosiroideae",".",".","Aulacoseira",".","ambigua",".",".","PHYT","","*",NA
"P5750","","Chrysophyta","Bacillariophyceae","Naviculales",".","Naviculaceae",".",".","Navicula",".","subtilissima",".",".","PHYT","","*",NA
"P5751","","Chrysophyta","Bacillariophyceae","Naviculales",".","Naviculaceae",".",".","Navicula",".","incerta",".",".","PHYT","","*",NA
"P5752","","Chrysophyta","Bacillariophyceae","Naviculales",".","Naviculaceae",".",".","Navicula",".","pupula",".",".","PHYT","","*",NA
"P5753","","Chrysophyta","Bacillariophyceae","Naviculales",".","Naviculaceae",".",".","Navicula",".","sp.",".",".","PHYT","","*",NA
"P5754","","Chrysophyta","Bacillariophyceae","Naviculales",".","Naviculaceae",".",".","Navicula",".","cryptocephala",".",".","PHYT","","*",NA
"P5755","","Chrysophyta","Bacillariophyceae","Naviculales",".","Gomphonemaceae",".",".","Gomphonema",".","truncatum",".",".","PHYT","","*",NA
"P5756","","Chrysophyta","Bacillariophyceae","Nitzschiales",".","Nitzschioideae",".",".","Nitzschia",".","thermalis",".",".","PHYT","","*",NA
"P5767","","Chrysophyta","Bacillariophyceae","Nitzschiales",".","Nitzschioideae",".",".","Nitzschia",".","fonticola",".",".","PHYT","","*",NA
"P5768","","Chrysophyta","Bacillariophyceae","Nitzschiales",".","Nitzschioideae",".",".","Nitzschia",".","linearis",".",".","PHYT","","*",NA
"P5769","","Chrysophyta","Bacillariophyceae","Nitzschiales",".","Nitzschioideae",".",".","Nitzschia",".","sigmoidea",".",".","PHYT","","*",NA
"P5770","","Chrysophyta","Bacillariophyceae","Nitzschiales",".","Nitzschioideae",".",".","Nitzschia",".","sublinearis",".",".","PHYT","","*",NA
"P5771","","Chrysophyta","Bacillariophyceae","Nitzschiales",".","Nitzschioideae",".",".","Nitzschia",".","angustata",".",".","PHYT","","*",NA
"P5772","","Chrysophyta","Bacillariophyceae","Nitzschiales",".","Nitzschioideae",".",".","Nitzschia",".","gracilis",".",".","PHYT","","*",NA
"P5773","","Chrysophyta","Bacillariophyceae","Naviculales",".","Naviculaceae",".",".","Neidium",".","sp.",".",".","PHYT","","*",NA
"P5774","","Chrysophyta","Bacillariophyceae","Naviculales",".","Naviculaceae",".",".","Pinnularia",".","mesolepta",".",".","PHYT","","*",NA
"P5775","","Chrysophyta","Bacillariophyceae","Naviculales",".","Naviculaceae",".",".","Pinnularia",".","interrupta",".",".","PHYT","","*",NA
"P5776","","Chrysophyta","Bacillariophyceae","Epithemiales",".","Rhopalodioideae",".",".","Rhopalodia",".","gibba",".",".","PHYT","","*",NA
"P5778","","Chrysophyta","Bacillariophyceae","Naviculales",".","Naviculaceae",".",".","Stauroneis",".","anceps",".",".","PHYT","","*",NA
"P5779","","Chrysophyta","Bacillariophyceae","Naviculales",".","Naviculaceae",".",".","Brachysira",".","brebissonii",".",".","PHYT","","*",NA
"P5780","","Chrysophyta","Bacillariophyceae","Naviculales",".","Naviculaceae",".",".","Brachysira",".","brebissonii",".",".","PHYT","thermalis","*",NA
"P5781","","Chrysophyta","Bacillariophyceae","Eunotiales",".","Eunotiaceae",".",".","Eunotia",".","sp.",".",".","PHYT","","*",NA
"P5782","","Chrysophyta","Bacillariophyceae","Eunotiales",".","Eunotiaceae",".",".","Actinella",".","punctata",".",".","PHYT","","*",NA
"P5783","","Chrysophyta","Bacillariophyceae","Naviculales",".","Naviculaceae",".",".","Anomoeonies",".","brachysira",".",".","PHYT","","*",NA
"P5784","","Chrysophyta","Bacillariophyceae","Achnanthales",".","Achnanthaceae",".",".","Rhoicosphenia",".","curvata",".",".","PHYT","","*",NA
"P5789","","Chrysophyta","Bacillariophyceae","Fragilariales",".","Fragilarioideae",".",".","Semiorbis",".","sp.",".",".","PHYT","","*",NA
"P5790","","Chrysophyta","Bacillariophyceae","Surirellales",".","Surirellaceae",".",".","Surirella",".","sp.",".",".","PHYT","","*",NA
"P5791","","Chrysophyta","Bacillariophyceae","Surirellales",".","Surirellaceae",".",".","Surirella",".","delicatissima",".",".","PHYT","","*",NA
"P5792","","Chrysophyta","Bacillariophyceae","Naviculales",".","Naviculaceae",".",".","Neidium",".","iridis",".",".","PHYT","","*",NA
"P5793","","Chrysophyta","Bacillariophyceae","Naviculales",".","Naviculaceae",".",".","Pinnularia",".","viridis",".",".","PHYT","","*",NA
"P5794","","Chrysophyta","Bacillariophyceae","Naviculales",".","Naviculaceae",".",".","Pinnularia",".","flexuosa",".",".","PHYT","","*",NA
"P5795","","Chrysophyta","Bacillariophyceae","Fragilariales",".","Fragilarioideae",".",".","Fragilaria",".","construens",".",".","PHYT","venter","*",NA
"P5796","","Chrysophyta","Bacillariophyceae","Fragilariales",".","Fragilarioideae",".",".","Fragilaria",".","virescens",".",".","PHYT","","*",NA
"P5797","","Chrysophyta","Bacillariophyceae","Naviculales",".","Naviculaceae",".",".","Pinnularia",".","capitata",".",".","PHYT","","*",NA
"P5798","","Chrysophyta","Bacillariophyceae","Naviculales",".","Naviculaceae",".",".","Pinnularia",".","subcapitata",".",".","PHYT","","*",NA
"P5805","","Chrysophyta","Bacillariophyceae","Achnanthales",".","Achnanthaceae",".",".","Cocconies",".","sp.",".",".","PHYT","","*",NA
"P5810","","Chrysophyta","Bacillariophyceae","Naviculales",".","Naviculaceae",".",".","Rhopalodia",".","sp.",".",".","PHYT","","*",NA
"P5811","","Chrysophyta","Bacillariophyceae","Naviculales",".","Naviculaceae",".",".","Pinnularia",".","maior",".",".","PHYT","","*",NA
"P5812","","Chrysophyta","Bacillariophyceae","Naviculales",".","Naviculaceae",".",".","Brachysira",".","exilis",".",".","PHYT","","*",NA
"P5813","","Chrysophyta","Bacillariophyceae","Naviculales",".","Naviculaceae",".",".","Brachysira",".","follis",".",".","PHYT","","*",NA
"P5815","","Chrysophyta","Bacillariophyceae","Naviculales",".","Cymbellaceae",".",".","Cymbella",".","amphicephala",".",".","PHYT","","*",NA
"P5816","","Chrysophyta","Bacillariophyceae","Naviculales",".","Naviculaceae",".",".","Stauroneis",".","parvula",".",".","PHYT","","*",NA
"P5817","","Chrysophyta","Bacillariophyceae","Naviculales",".","Naviculaceae",".",".","Pinnularia",".","abaujensis",".",".","PHYT","","*",NA
"P5818","","Chrysophyta","Bacillariophyceae","Naviculales",".","Naviculaceae",".",".","Stauroneis",".","smithii",".",".","PHYT","","*",NA
"P5819","","Chrysophyta","Bacillariophyceae","Nitzschiales",".","Nitzschioideae",".",".","Nitzschia",".","hantzschschiana",".",".","PHYT","","*",NA
"P5820","","Chrysophyta","Bacillariophyceae","Eunotiales",".","Eunotiaceae",".",".","Eunotia",".","arcus",".",".","PHYT","","*",NA
"P5821","","Chrysophyta","Bacillariophyceae","Eunotiales",".","Eunotiaceae",".",".","Eunotia",".","exigua",".",".","PHYT","","*",NA
"P5822","","Chrysophyta","Bacillariophyceae","Fragilariales",".","Tabellarioideae",".",".","Tabellaria",".","binalis",".",".","PHYT","","*",NA
"P5825","","Chrysophyta","Bacillariophyceae","Fragilariales",".","Fragilarioideae",".",".","Fragilaria",".","pinata",".",".","PHYT","","*",NA
"P5826","","Chrysophyta","Bacillariophyceae","Naviculales",".","Cymbellaceae",".",".","Cymbella",".","gracilis",".",".","PHYT","","*",NA
"P5827","","Chrysophyta","Bacillariophyceae","Naviculales",".","Cymbellaceae",".",".","Cymbella",".","ventricosa",".",".","PHYT","","*",NA
"P5828","","Chrysophyta","Bacillariophyceae","Naviculales",".","Cymbellaceae",".",".","Cymbella",".","hebridica",".",".","PHYT","","*",NA
"P5829","","Chrysophyta","Bacillariophyceae","Naviculales",".","Cymbellaceae",".",".","Encyonema",".","gracilis",".",".","PHYT","","*",NA
"P5830","","Chrysophyta","Bacillariophyceae","Naviculales",".","Cymbellaceae",".",".","Encyonema",".","hebridica",".",".","PHYT","","*",NA
"P5831","","Chrysophyta","Bacillariophyceae","Naviculales",".","Cymbellaceae",".",".","Encyonema",".","sp.",".",".","PHYT","","*",NA
"P5833","","Chrysophyta","Bacillariophyceae","Naviculales",".","Naviculaceae",".",".","Pinnularia",".","biceps",".",".","PHYT","","*",NA
"P5834","","Chrysophyta","Bacillariophyceae","Naviculales",".","Cymbellaceae",".",".","Cymbella",".","microcephala",".",".","PHYT","","*",NA
"P5835","","Chrysophyta","Bacillariophyceae","Naviculales",".","Cymbellaceae",".",".","Cymbella",".","pusilla",".",".","PHYT","","*",NA
"P5836","","Chrysophyta","Bacillariophyceae","Naviculales",".","Cymbellaceae",".",".","Cymbella",".","silesiaca",".",".","PHYT","","*",NA
"P5839","","Chrysophyta","Bacillariophyceae","Surirellales",".","Surirellaceae",".",".","Surirella",".","linearis",".",".","PHYT","constricta","*",NA
"P5840","","Chrysophyta","Bacillariophyceae","Surirellales",".","Surirellaceae",".",".","Surirella",".","gracilis",".",".","PHYT","","*",NA
"P5841","","Chrysophyta","Bacillariophyceae","Surirellales",".","Surirellaceae",".",".","Surirella",".","didyma",".",".","PHYT","","*",NA
"P5853","","Chrysophyta","Bacillariophyceae","Naviculales",".","Naviculaceae",".",".","Navicula",".","heimansii",".",".","PHYT","","*",NA
"P5854","","Chrysophyta","Bacillariophyceae","Naviculales",".","Naviculaceae",".",".","Pinnularia",".","borealis",".",".","PHYT","","*",NA
"P5855","","Chrysophyta","Bacillariophyceae","Eunotiales",".","Eunotiaceae",".",".","Eunotia",".","tenella",".",".","PHYT","","*",NA
"P5856","","Chrysophyta","Bacillariophyceae","Naviculales",".","Cymbellaceae",".",".","Amphora",".","ovalis",".",".","PHYT","","*",NA
"P5857","","Chrysophyta","Bacillariophyceae","Nitzschiales",".","Nitzschioideae",".",".","Nitzschia",".","filiformis",".",".","PHYT","","*",NA
"P5858","","Chrysophyta","Bacillariophyceae","Naviculales",".","Cymbellaceae",".",".","Cymbella",".","parva",".",".","PHYT","","*",NA
"P5859","","Chrysophyta","Bacillariophyceae","Naviculales",".","Naviculaceae",".",".","Neidium",".","affine",".",".","PHYT","","*",NA
"P5860","","Chrysophyta","Bacillariophyceae","Fragilariales",".","Tabellarioideae",".",".","Diatoma",".","vulgare",".",".","PHYT","","*",NA
"P5861","","Chrysophyta","Bacillariophyceae","Naviculales",".","Naviculaceae",".",".","Pinnularia",".","gibba",".",".","PHYT","","*",NA
"P5862","","Chrysophyta","Bacillariophyceae","Naviculales",".","Gomphonemaceae",".",".","Gomphonema",".","olivaceum",".",".","PHYT","","*",NA
"P5863","","Chrysophyta","Bacillariophyceae","Fragilariales",".","Tabellarioideae",".",".","Diatoma",".","sp.",".",".","PHYT","","*",NA
"P5864","","Chrysophyta","Bacillariophyceae","Naviculales",".","Naviculaceae",".",".","Neidium",".","gracile",".",".","PHYT","","*",NA
"P5865","","Chrysophyta","Bacillariophyceae","Naviculales",".","Cymbellaceae",".",".","Cymbella",".","prostata",".",".","PHYT","","*",NA
"P5866","","Chrysophyta","Bacillariophyceae","Surirellales",".","Surirellaceae",".",".","Surirella",".","ovata",".",".","PHYT","","*",NA
"P5867","","Chrysophyta","Bacillariophyceae","Naviculales",".","Naviculaceae",".",".","Navicula",".","ventralis",".",".","PHYT","","*",NA
"P5868","","Chrysophyta","Bacillariophyceae","Naviculales",".","Naviculaceae",".",".","Navicula",".","longirostris",".",".","PHYT","","*",NA
"P5869","","Chrysophyta","Bacillariophyceae","Naviculales",".","Cymbellaceae",".",".","Cymbella",".","turgida",".",".","PHYT","","*",NA
"P5870","","Chrysophyta","Bacillariophyceae","Naviculales",".","Naviculaceae",".",".","Navicula",".","bacillum",".",".","PHYT","","*",NA
"P5871","","Chrysophyta","Bacillariophyceae","Naviculales",".","Naviculaceae",".",".","Cymbella",".","lapponica",".",".","PHYT","","*",NA
"P5872","","Chrysophyta","Bacillariophyceae","Naviculales",".","Naviculaceae",".",".","Neidium",".","sp. a",".",".","PHYT","","*",NA
"P5873","","Chrysophyta","Bacillariophyceae","Naviculales",".","Gomphonemaceae",".",".","Gomphonema",".","minutum",".",".","PHYT","","*",NA
"P5874","","Chrysophyta","Bacillariophyceae","Nitzschiales",".","Nitzschioideae",".",".","Nitzschia",".","palea",".",".","PHYT","","*",NA
"P5880","","Chrysophyta","Bacillariophyceae","Naviculales",".","Cymbellaceae",".",".","Didymosphenia",".","geminata",".",".","PHYT","","*",NA
"P5881","","Chrysophyta","Bacillariophyceae","Fragilariales",".","Tabellarioideae",".",".","Diatoma",".","elongatum",".",".","PHYT","","*",NA
"P5882","","Chrysophyta","Bacillariophyceae","Naviculales",".","Naviculaceae",".",".","Anomoeonies",".","vitrea",".",".","PHYT","","*",NA
"P5883","","Chrysophyta","Bacillariophyceae","Naviculales",".","Cymbellaceae",".",".","Cymbella",".","cymbiformis",".",".","PHYT","","*",NA
"P5884","","Chrysophyta","Bacillariophyceae","Naviculales",".","Gomphonemaceae",".",".","Gomphonema",".","angustum",".",".","PHYT","","*",NA
"P5885","","Chrysophyta","Bacillariophyceae","Naviculales",".","Naviculaceae",".",".","Navicula",".","bacillum",".",".","PHYT","","*",NA
"P5886","","Chrysophyta","Bacillariophyceae","Naviculales",".","Naviculaceae",".",".","Stauroneis",".","anceps",".",".","PHYT","GRACILIS","*",NA
"P5887","","Chrysophyta","Bacillariophyceae","Naviculales",".","Naviculaceae",".",".","Navicula",".","pupula",".",".","PHYT","","*",NA
"P5901","","Chrysophyta","Bacillariophyceae","Epithemiales",".","Epithemiaceae",".",".","Denticula",".","sp.",".",".","PHYT","","*",NA
"P5902","","Chrysophyta","Bacillariophyceae","Epithemiales",".","Epithemiaceae",".",".","Denticula",".","elegans",".",".","PHYT","","*",NA
"P5903","","Chrysophyta","Bacillariophyceae","Rhizosoleniales",".","Biddulphiaceae",".",".","Biddulphia",".","aurita",".",".","PHYT","","*",NA
"P5904","","Chrysophyta","Bacillariophyceae","Fragilariales",".","Fragilarioideae",".",".","Asterionella",".","kariana",".",".","PHYT","","*",NA
"P5905","","Chrysophyta","Bacillariophyceae","Nitzschiales",".","Nitzschioideae",".",".","Nitzschia",".","seriata",".",".","PHYT","","*",NA
"P5906","","Chrysophyta","Bacillariophyceae","Rhizosoleniales",".","Chaetoceraceae",".",".","Thalassionema",".","nitzschioides",".",".","PHYT","","*",NA
"P5912","","Chrysophyta","Bacillariophyceae","Centrales",".","Coscinodiscoideae",".",".","Coscinodiscus",".","sp.",".",".","PHYT","","*",NA
"P5914","","Chrysophyta","Bacillariophyceae","Fragilariales",".","Fragilarioideae",".",".","Fragilaria",".","islandica",".",".","PHYT","","*",NA
"P5915","","Chrysophyta","Bacillariophyceae","Nitzschiales",".","Nitzschioideae",".",".","Nitzschia",".","closterium",".",".","PHYT","","*",NA
"P5916","","Chrysophyta","Bacillariophyceae","Fragilariales",".","Fragilarioideae",".",".","Fragilaria",".","capucina",".",".","PHYT","","*",NA
"P5926","","Chrysophyta","Bacillariophyceae","Centrales",".","Melosiroideae",".",".","Aulacoseira",".","granulata",".",".","PHYT","ANGUSTIS","*",NA
"P5928","","Chrysophyta","Bacillariophyceae","Centrales",".","Melosiroideae",".",".","Aulacoseira",".","binderana",".",".","PHYT","","*",NA
"P5950","","Chrysophyta","Bacillariophyceae","Centrales",".","Sceletonemoideae",".",".","Thalassiosira",".","sp.",".",".","PHYT","","*",NA
"P5951","","Chrysophyta","Bacillariophyceae","Centrales",".","Melosiroideae",".",".","Melosira",".","nummuloides",".",".","PHYT","","*",NA
"P5952","","Chrysophyta","Bacillariophyceae","Centrales",".","Sceletonemoideae",".",".","Thalassiosira",".","rotula",".",".","PHYT","","*",NA
"P5953","","Chrysophyta","Bacillariophyceae","Centrales",".","Coscinodiscoideae",".",".","Coscinodiscus",".","sp. a",".",".","PHYT","","*",NA
"P5954","","Chrysophyta","Bacillariophyceae","Centrales",".","Coscinodiscoideae",".",".","Coscinodiscus",".","eccentrius",".",".","PHYT","","*",NA
"P5956","","Chrysophyta","Bacillariophyceae","Centrales",".","Melosiroideae",".",".","Corethron",".","hystrix",".",".","PHYT","","*",NA
"P5958","","Chrysophyta","Bacillariophyceae","Naviculales",".","Naviculaceae",".",".","Amphipleura",".","alata",".",".","PHYT","","*",NA
"P5960","","Chrysophyta","Bacillariophyceae","Naviculales",".","Naviculaceae",".",".","Amphipleura",".","kjellmanii",".",".","PHYT","","*",NA
"P5964","","Chrysophyta","Bacillariophyceae","Naviculales",".","Naviculaceae",".",".","Navicula",".","punctulata",".",".","PHYT","","*",NA
"P5966","","Chrysophyta","Bacillariophyceae","Rhizosoleniales",".","Chaetoceraceae",".",".","Chaetoceros",".","gracilis",".",".","PHYT","","*",NA
"P5967","","Chrysophyta","Bacillariophyceae","Rhizosoleniales",".","Chaetoceraceae",".",".","Chaetoceros",".","diadema",".",".","PHYT","","*",NA
"P5969","","Chrysophyta","Bacillariophyceae","Rhizosoleniales",".","Rhizosoleneae",".",".","Rhizosolenia",".","setigera",".",".","PHYT","","*",NA
"P5974","","Chrysophyta","Bacillariophyceae","Nitzschiales",".","Nitzschioideae",".",".","Nitzschia",".","longissima",".",".","PHYT","","*",NA
"P5975","","Chrysophyta","Bacillariophyceae","Nitzschiales",".","Nitzschioideae",".",".","Nitzschia",".","frigida",".",".","PHYT","","*",NA
"P5976","","Chrysophyta","Bacillariophyceae","Nitzschiales",".","Nitzschioideae",".",".","Nitzschia",".","recta",".",".","PHYT","","*",NA
"P5977","","Chrysophyta","Bacillariophyceae","Nitzschiales",".","Nitzschioideae",".",".","Nitzschia",".","hybrida",".",".","PHYT","","*",NA
"P5980","","Chrysophyta","Bacillariophyceae","Fragilariales",".","Fragilarioideae",".",".","Fragilaria",".","islandica",".",".","PHYT","","*",NA
"P5982","","Chrysophyta","Bacillariophyceae","Fragilariales",".","Fragilarioideae",".",".","Raphoneis",".","surirella",".",".","PHYT","","*",NA
"P5984","","Chrysophyta","Bacillariophyceae","Naviculales",".","Naviculaceae",".",".","Stauroneis",".","membranacea",".",".","PHYT","","*",NA
"P5986","","Chrysophyta","Bacillariophyceae","Fragilariales",".","Tabellarioideae",".",".","Meridion",".","circulare",".",".","PHYT","","*",NA
"P5987","","Chrysophyta","Bacillariophyceae","Nitzschiales",".","Nitzschioideae",".",".","Nitzschia",".","vitrea",".",".","PHYT","","*",NA
"P5999","","Chrysophyta","Bacillariophyceae","Naviculales",".","Naviculaceae",".",".","Gyrosigma",".","sp. a",".",".","PHYT","","*",NA
"P6548","","Pyrrhophyta","Cryptophyceae","Cryptomonadales",".","Monomastigaceae",".",".","Monomastix",".","sp.",".",".","PHYT","","*",NA
"P6549","","Pyrrhophyta","Cryptophyceae","Cryptomonadales",".","Cryptomonadaceae",".",".","Rhodomonas",".","lacustris",".",".","PHYT","","*",NA
"P6550","","Pyrrhophyta","Chloromonadophyceae","Chloromonadales",".","Monomastigaceae",".",".","Monomastix",".","opisthostigma",".",".","PHYT","","*",NA
"P6551","","Pyrrhophyta","Chloromonadophyceae","Chloromonadales",".","Chloromonadaceae",".",".","Gonyostomun",".","semens",".",".","PHYT","","*",NA
"P6552","","Pyrrhophyta","Cryptophyceae","Cryptomonadales",".","Cryptomonadaceae",".",".","Rhodomonas",".","minuta",".",".","PHYT","nannoplanctica","*",NA
"P6553","","Pyrrhophyta","Cryptophyceae","Cryptomonadales",".","Cryptomonadaceae",".",".","Rhodomonas",".","tenuis",".",".","PHYT","","*",NA
"P6554","","Pyrrhophyta","Cryptophyceae","Cryptomonadales",".","Cryptomonadaceae",".",".","Rhodomonas",".","minuta",".",".","PHYT","","*",NA
"P6555","","Pyrrhophyta","Cryptophyceae","Cryptomonadales",".","Cryptomonadaceae",".",".","Rhodomonas",".","sp.",".",".","PHYT","","*",NA
"P6556","","Pyrrhophyta","Cryptophyceae","Cryptomonadales",".","Cryptomonadaceae",".",".","Chroomonas",".","sp.",".",".","PHYT","","*",NA
"P6557","","Pyrrhophyta","Cryptophyceae","Cryptomonadales",".","Cryptomonadaceae",".",".","Cryptomonas",".","pusilla",".",".","PHYT","","*",NA
"P6558","","Pyrrhophyta","Cryptophyceae","Cryptomonadales",".","Cryptomonadaceae",".",".","Cryptomonas",".","erosa",".",".","PHYT","","*",NA
"P6559","","Pyrrhophyta","Cryptophyceae","Cryptomonadales",".","Cryptomonadaceae",".",".","Cryptomonas",".","ovata",".",".","PHYT","","*",NA
"P6560","","Pyrrhophyta","Cryptophyceae","Cryptomonadales",".","Cryptomonadaceae",".",".","Cryptomonas",".","tenuis",".",".","PHYT","","*",NA
"P6561","","Pyrrhophyta","Cryptophyceae","Cryptomonadales",".","Cryptomonadaceae",".",".","Cryptomonas",".","obovata",".",".","PHYT","","*",NA
"P6562","","Pyrrhophyta","Cryptophyceae","Cryptomonadales",".","Cryptomonadaceae",".",".","Cryptomonas",".","reflexa",".",".","PHYT","","*",NA
"P6563","","Pyrrhophyta","Cryptophyceae","Cryptomonadales",".","Cryptomonadaceae",".",".","Cryptomonas",".","gracilis",".",".","PHYT","","*",NA
"P6564","","Pyrrhophyta","Cryptophyceae","Cryptomonadales",".","Cryptomonadaceae",".",".","Cryptomonas",".","marssonii",".",".","PHYT","","*",NA
"P6565","","Pyrrhophyta","Cryptophyceae","Cryptomonadales",".","Cryptomonadaceae",".",".","Cryptomonas",".","rostratiformis",".",".","PHYT","","*",NA
"P6566","","Pyrrhophyta","Cryptophyceae","Cryptomonadales",".","Cryptomonadaceae",".",".","Cryptomonas",".","sp.",".",".","PHYT","","*",NA
"P6567","","Pyrrhophyta","Cryptophyceae","Cryptomonadales",".","Cryptomonadaceae",".",".","Chilomonas",".","sp.",".",".","PHYT","","*",NA
"P6568","","Pyrrhophyta","Cryptophyceae","Cryptomonadales",".","Katablepharidaceae",".",".","Katablepharis",".","ovalis",".",".","PHYT","","*",NA
"P6569","","Pyrrhophyta","Cryptophyceae","Cryptomonadales",".","Senniaceae",".",".","Sennia",".","parvula",".",".","PHYT","","*",NA
"P6570","","Pyrrhophyta","Cryptophyceae","Cryptomonadales",".","Katablepharidaceae",".",".","Cryptaulax",".","sp.",".",".","PHYT","","*",NA
"P6571","","Pyrrhophyta","Cryptophyceae","Cryptomonadales",".","Cryptomonadaceae",".",".","Chroomonas",".","acuta",".",".","PHYT","","*",NA
"P7625","Skuja","Pyrrhophyta","Dinophyceae","Gymnodiniales",".","Gymnodinaceae",".",".","Gymnodinium",".","ordinatum",".",".","PHYT","","*",NA
"P7626","","Pyrrhophyta","Dinophyceae","Gymnodiniales",".","Gymnodinaceae",".",".","Amphidinium",".","sp.",".",".","PHYT","","*",NA
"P7627","","Pyrrhophyta","Dinophyceae","Gymnodiniales",".","Gymnodinaceae",".",".","Gymnodinium",".","fuscum",".",".","PHYT","","*",NA
"P7628","","Pyrrhophyta","Dinophyceae","Gymnodiniales",".","Gymnodinaceae",".",".","Gymnodinium",".","mirabile",".",".","PHYT","","*",NA
"P7629","","Pyrrhophyta","Dinophyceae","Gymnodiniales",".","Gymnodinaceae",".",".","Gymnodinium",".","palustre",".",".","PHYT","","*",NA
"P7630","","Pyrrhophyta","Dinophyceae","Gymnodiniales",".","Gymnodinaceae",".",".","Gymnodinium",".","lacustre",".",".","PHYT","","*",NA
"P7631","","Pyrrhophyta","Dinophyceae","Gymnodiniales",".","Gymnodinaceae",".",".","Gymnodinium",".","helveticum",".",".","PHYT","","*",NA
"P7632","","Pyrrhophyta","Dinophyceae","Gymnodiniales",".","Gymnodinaceae",".",".","Gymnodinium",".","sp.",".",".","PHYT","","*",NA
"P7633","","Pyrrhophyta","Dinophyceae","Peridiniales",".","Glenodiniaceae",".",".","Glenodinium",".","spp.",".",".","PHYT","","*",NA
"P7634","","Pyrrhophyta","Dinophyceae","Peridiniales",".","Peridiniaceae",".",".","Peridinium",".","cinctum",".",".","PHYT","","*",NA
"P7635","","Pyrrhophyta","Dinophyceae","Peridiniales",".","Peridiniaceae",".",".","Peridinium",".","willei",".",".","PHYT","","*",NA
"P7636","","Pyrrhophyta","Dinophyceae","Peridiniales",".","Peridiniaceae",".",".","Peridinium",".","palustre",".",".","PHYT","","*",NA
"P7637","","Pyrrhophyta","Dinophyceae","Peridiniales",".","Peridiniaceae",".",".","Peridinium",".","limbatum",".",".","PHYT","","*",NA
"P7638","","Pyrrhophyta","Dinophyceae","Peridiniales",".","Peridiniaceae",".",".","Peridinium",".","inconspicuum",".",".","PHYT","","*",NA
"P7639","","Pyrrhophyta","Dinophyceae","Peridiniales",".","Peridiniaceae",".",".","Peridinium",".","pusillum",".",".","PHYT","","*",NA
"P7640","","Pyrrhophyta","Dinophyceae","Peridiniales",".","Peridiniaceae",".",".","Peridinium",".","goslaviense",".",".","PHYT","","*",NA
"P7641","","Pyrrhophyta","Dinophyceae","Peridiniales",".","Peridiniaceae",".",".","Peridinium",".","aciculiferum",".",".","PHYT","","*",NA
"P7642","","Pyrrhophyta","Dinophyceae","Peridiniales",".","Peridiniaceae",".",".","Peridinium",".","wisconsiense",".",".","PHYT","","*",NA
"P7643","","Pyrrhophyta","Dinophyceae","Peridiniales",".","Peridiniaceae",".",".","Peridinium",".","sp.",".",".","PHYT","","*",NA
"P7644","","Pyrrhophyta","Dinophyceae","Peridiniales",".","Ceratiaceae",".",".","Ceratium",".","hirundenella",".",".","PHYT","","*",NA
"P7645","","Pyrrhophyta","Dinophyceae","Peridiniales",".","Ceratiaceae",".",".","Ceratium",".","cornutum",".",".","PHYT","","*",NA
"P7646","","Pyrrhophyta","Dinophyceae","Gymnodiniales",".","Gymnodinaceae",".",".","Gymnodinium",".","varians",".",".","PHYT","","*",NA
"P7647","","Pyrrhophyta","Dinophyceae","Peridiniales",".","Peridiniaceae",".",".","Peridinium",".","pellucidum",".",".","PHYT","","*",NA
"P7649","","Pyrrhophyta","Dinophyceae","Peridiniales",".","Ceratiaceae",".",".","Ceratium",".","bucephalum",".",".","PHYT","","*",NA
"P7650","","Pyrrhophyta","Dinophyceae","Peridiniales",".","Ceratiaceae",".",".","Ceratium",".","longirostrum",".",".","PHYT","","*",NA
"P7653","","Pyrrhophyta","Dinophyceae","Peridiniales",".","Peridiniaceae",".",".","Peridinium",".","umbonatum",".",".","PHYT","","*",NA
"P7654","","Pyrrhophyta","Dinophyceae","Gymnodiniales",".","Gymnodinaceae",".",".","Gymnodinium",".","inversum",".",".","PHYT","","*",NA
"P7777","","Pyrrhophyta","Dinophyceae","Peridiniales",".","Peridiniaceae",".",".","Dinoflagellate",".","cysts",".",".","PHYT","","*",NA
"P7907","","Pyrrhophyta","Dinophyceae","Gymnodiniales",".","Gymnodinaceae",".",".","Gymnodinium",".","splendens",".",".","PHYT","","*",NA
"P7909","","Pyrrhophyta","Dinophyceae","Gymnodiniales",".","Gymnodinaceae",".",".","Amphidinium",".","sphenoides",".",".","PHYT","","*",NA
"P7913","","Pyrrhophyta","Dinophyceae","Gymnodiniales",".","Gymnodinaceae",".",".","Gyrodinium",".","sp.",".",".","PHYT","","*",NA
"P1205",NA,"Cyanophyta","Cyanophyceae","Hormognales",".","Nostocaceae",".",".","Aphanizomenon",".","flos-aquae",".",".","HETEROCYSTS",NA,NA,NA
"P1204",NA,"Cyanophyta","Cyanophyceae","Hormognales",".","Nostocaceae",".",".","Anabaena",".","flos-aquae",".",".","HETEROCYSTS",NA,NA,NA
"P2255",NA,"Chlorophyta","Chlorophyceae","Sphaeropleales",".","Selenastraceae",".",".","Selenastrum",".","capricornutum Printz",".",".","PHYT",NA,NA,NA
"P1210",NA,"Cyanophyta","Cyanophyceae","Hormognales",".","Nostocaceae",".",".","Anabaena",".",".",".",".","AKINETES",NA,NA,NA
"P1211",NA,"Cyanophyta","Cyanophyceae","Hormognales",".","Nostocaceae",".",".","Aphanizomenon",".",".",".",".","AKINETES",NA,NA,NA
"P2512",NA,"Chlorophyta","Chlorophyceae","Sphaeropleales",".","Scenedesmaceae",".",".","Scenedesmus",".","acuminatus",".",".","PHYT",NA,NA,NA
"P1202",NA,"Cyanophyta","Cyanophyceae","Hormognales",".","Nostocaceae",".",".","Anabaena",".","crassa",".",".","HETEROCYSTS",NA,NA,NA
