lake,station,date,depth,species.code,species,density.cells.l,biomass.mg.m3,length.um,width.um,cell.volume.um3,group
Conestogo,clc,2017-07-05,2,P1041,Aphanizomenon flos-aquae Ralfs and Born.,4000,10.05,200,4,2513.3,Cyanophyte
Conestogo,clc,2017-07-05,2,P1205,Heterocycts (Aphanizomenon flos-aquae),1000,0.07,8.2,4.1,72.2,Cyanophyte
Conestogo,clc,2017-07-05,2,P2105,Chlamydomonas spp.,79366,2.69,7.2,3,33.9,Chlorophyte
Conestogo,clc,2017-07-05,2,P2174,Closterium sp.,1000,0.57,91,4,571.8,Chlorophyte
Conestogo,clc,2017-07-05,2,P2235,Ankistrodesmus spiralis Lemmermann,39683,1.92,28,2.1,48.5,Chlorophyte
Conestogo,clc,2017-07-05,2,P4351,Small chrysophyceae,1746052,27.24,3.1,3.1,15.6,Chrysophyte
Conestogo,clc,2017-07-05,2,P4352,Large chrysophyceae,39683,7.13,7,7,179.6,Chrysophyte
Conestogo,clc,2017-07-05,2,P4357,Chrysococcus sp.,238098,15.57,5,5,65.4,Chrysophyte
Conestogo,clc,2017-07-05,2,P4398,Ochromonas globosa Skuja,1349222,232.07,6.9,6.9,172,Chrysophyte
Conestogo,clc,2017-07-05,2,P4418,Salpingoeca frequentissima (Zach.) Lemmermann,238098,6.93,5.1,3.3,29.1,Chrysophyte
Conestogo,clc,2017-07-05,2,P5508,Cyclotella pseudostelligera,79366,20.74,5.5,11,261.3,Diatom
Conestogo,clc,2017-07-05,2,P5515,Fragilaria crotonensis Kitton,21000,6.42,73,4,305.8,Diatom
Conestogo,clc,2017-07-05,2,P5524,Asterionella formosa Hassall,7000,0.73,100,2,104.7,Diatom
Conestogo,clc,2017-07-05,2,P5530,Stephanodiscus niagarae Ehrenberg,4000,66.9,22,44,16725.8,Diatom
Conestogo,clc,2017-07-05,2,P5551,Cyclotella michiganiana Skvortzow,39683,0.66,2.2,4.4,16.7,Diatom
Conestogo,clc,2017-07-05,2,P6554,Rhodomonas minuta Skuja,1428588,237.57,12,6.3,166.3,Cryptophyte
Conestogo,clc,2017-07-05,2,P6558,Cryptomonas erosa Ehrenberg,103000,162.78,23.1,14,1580.4,Cryptophyte
Conestogo,clc,2017-07-05,2,P6562,Cryptomonas reflexa (Marsson) Skuja,39000,28.59,21,10,733,Cryptophyte
Conestogo,clc,2017-07-05,2,P6568,Katablepharis ovalis Skuja,238098,15.1,9.3,4.2,63.4,Cryptophyte
Conestogo,clc,2017-07-05,2,P7632,Gymnodinium sp.,1000,7.33,24.1,24.1,7329.1,Dinoflagellate
Conestogo,clc,2017-07-05,2,P7644,Ceratium hirundenella (Muller) Schrank,5000,262.22,62.6,40,52443.7,Dinoflagellate
Conestogo,clc,2017-07-05,7,P1041,Aphanizomenon flos-aquae Ralfs and Born.,5000,16.34,260,4,3267.3,Cyanophyte
Conestogo,clc,2017-07-05,7,P2101,Carteria spp.,39683,17.26,9.4,9.4,434.9,Chlorophyte
Conestogo,clc,2017-07-05,7,P2105,Chlamydomonas spp.,79366,3.99,6,4,50.3,Chlorophyte
Conestogo,clc,2017-07-05,7,P2204,Ankyra judai (G.M. Smith) Fott,119049,3.54,15.6,2.2,29.7,Chlorophyte
Conestogo,clc,2017-07-05,7,P2235,Ankistrodesmus spiralis Lemmermann,119049,5.98,29,2.1,50.2,Chlorophyte
Conestogo,clc,2017-07-05,7,P4351,Small chrysophyceae,2142882,19.71,2.6,2.6,9.2,Chrysophyte
Conestogo,clc,2017-07-05,7,P4352,Large chrysophyceae,277781,49.89,7,7,179.6,Chrysophyte
Conestogo,clc,2017-07-05,7,P4357,Chrysococcus sp.,515879,26.31,4.6,4.6,51,Chrysophyte
Conestogo,clc,2017-07-05,7,P4362,Kephyrion sp.,79366,1.24,3.1,3.1,15.6,Chrysophyte
Conestogo,clc,2017-07-05,7,P4398,Ochromonas globosa Skuja,793660,119.45,6.6,6.6,150.5,Chrysophyte
Conestogo,clc,2017-07-05,7,P4418,Salpingoeca frequentissima (Zach.) Lemmermann,198415,5.95,5.6,3.2,30,Chrysophyte
Conestogo,clc,2017-07-05,7,P5507,Cyclotella stelligera Cleve and Grunow,1000,1.57,10,20,1570.8,Diatom
Conestogo,clc,2017-07-05,7,P5508,Cyclotella pseudostelligera,476196,111.38,5.3,10.6,233.9,Diatom
Conestogo,clc,2017-07-05,7,P5524,Asterionella formosa Hassall,21000,2.11,96,2,100.5,Diatom
Conestogo,clc,2017-07-05,7,P5530,Stephanodiscus niagarae Ehrenberg,17000,230.05,20.5,41,13532.6,Diatom
Conestogo,clc,2017-07-05,7,P5551,Cyclotella michiganiana Skvortzow,79366,1.52,2.3,4.6,19.1,Diatom
Conestogo,clc,2017-07-05,7,P6554,Rhodomonas minuta Skuja,595245,91.25,12.2,6,153.3,Cryptophyte
Conestogo,clc,2017-07-05,7,P6558,Cryptomonas erosa Ehrenberg,16000,28.68,26.2,14,1792.5,Cryptophyte
Conestogo,clc,2017-07-05,7,P6562,Cryptomonas reflexa (Marsson) Skuja,8000,5.86,21,10,733,Cryptophyte
Conestogo,clc,2017-07-05,7,P6568,Katablepharis ovalis Skuja,277781,17.28,9,4.4,62.2,Cryptophyte
Conestogo,clc,2017-07-05,7,P7632,Gymnodinium sp.,20000,155.9,24.6,24.6,7794.8,Dinoflagellate
Conestogo,clc,2017-07-05,7,P7639,Peridinium pusillum (Penard) Lemmermann,20000,78.85,19.6,19.6,3942.5,Dinoflagellate
Conestogo,cle,2017-07-05,2,P1041,Aphanizomenon flos-aquae Ralfs and Born.,83000,298.98,260,4.2,3602.2,Cyanophyte
Conestogo,cle,2017-07-05,2,P1076,Woronichinia compacta (Lemmermann) Komarek and Hindak,5000,13.25,0,0,2650,Cyanophyte
Conestogo,cle,2017-07-05,2,P1205,Heterocycts (Aphanizomenon flos-aquae),31000,1.77,5.9,4.3,57.1,Cyanophyte
Conestogo,cle,2017-07-05,2,P2126,Chodatella sp.,317464,8.86,5.2,3.2,27.9,Chlorophyte
Conestogo,cle,2017-07-05,2,P2130,Scenedesmus quadricauda (Turp.) Brebisson,396830,18.17,8.2,4,45.8,Chlorophyte
Conestogo,cle,2017-07-05,2,P2141,Monoraphidium contortum (Thur.) Komarkova-Legnerova,39683,0.74,21,1.5,18.6,Chlorophyte
Conestogo,cle,2017-07-05,2,P2154,Coelastrum microporum Naegeli,1000,2.68,0,0,2680,Chlorophyte
Conestogo,cle,2017-07-05,2,P2157,Kichnerella lunaris (Kirchn.) Moeb.,119049,1.58,7,2.2,13.3,Chlorophyte
Conestogo,cle,2017-07-05,2,P2174,Closterium sp.,6000,2.98,79,4,496.4,Chlorophyte
Conestogo,cle,2017-07-05,2,P2193,Staurodesmus paradoxum Meyen,2000,3.57,22.6,20,1782.9,Chlorophyte
Conestogo,cle,2017-07-05,2,P2204,Ankyra judai (G.M. Smith) Fott,119049,8.65,17,3.3,72.7,Chlorophyte
Conestogo,cle,2017-07-05,2,P2235,Ankistrodesmus spiralis Lemmermann,317464,15.46,31,2,48.7,Chlorophyte
Conestogo,cle,2017-07-05,2,P4351,Small chrysophyceae,1230173,11.32,2.6,2.6,9.2,Chrysophyte
Conestogo,cle,2017-07-05,2,P4352,Large chrysophyceae,79366,14.25,7,7,179.6,Chrysophyte
Conestogo,cle,2017-07-05,2,P4357,Chrysococcus sp.,1349222,83.11,4.9,4.9,61.6,Chrysophyte
Conestogo,cle,2017-07-05,2,P4363,Spiniferomonas sirrata***************,79366,6.19,5.3,5.3,78,Chrysophyte
Conestogo,cle,2017-07-05,2,P4368,Mallomonas crassisquama (Asmund) Fott,4000,4.17,19.9,10,1042,Chrysophyte
Conestogo,cle,2017-07-05,2,P4370,Mallomonas akrokomos Asmund and Kristiansen,79366,16.62,16,5,209.4,Chrysophyte
Conestogo,cle,2017-07-05,2,P4388,Dinobryon sertularia Ehrenberg,79366,17.95,12,6,226.2,Chrysophyte
Conestogo,cle,2017-07-05,2,P4388,Dinobryon sertularia Ehrenberg,2000,3.98,0,0,1991,Chrysophyte
Conestogo,cle,2017-07-05,2,P4398,Ochromonas globosa Skuja,3134957,450.81,6.5,6.5,143.8,Chrysophyte
Conestogo,cle,2017-07-05,2,P4415,Bicoeca lacustris Clark,119049,2.9,3.6,3.6,24.4,Chrysophyte
Conestogo,cle,2017-07-05,2,P4418,Salpingoeca frequentissima (Zach.) Lemmermann,714294,21.43,5.6,3.2,30,Chrysophyte
Conestogo,cle,2017-07-05,2,P5507,Cyclotella stelligera Cleve and Grunow,16000,29.09,10.5,21,1818.4,Diatom
Conestogo,cle,2017-07-05,2,P5508,Cyclotella pseudostelligera,3968300,876.6,5.2,10.4,220.9,Diatom
Conestogo,cle,2017-07-05,2,P5515,Fragilaria crotonensis Kitton,124000,32.2,62,4,259.7,Diatom
Conestogo,cle,2017-07-05,2,P5524,Asterionella formosa Hassall,76000,6.37,80,2,83.8,Diatom
Conestogo,cle,2017-07-05,2,P5530,Stephanodiscus niagarae Ehrenberg,98000,1529.9,21.5,43,15611.2,Diatom
Conestogo,cle,2017-07-05,2,P5540,Aulacoseira italica v subarctica (O. Muller) Simonsen,2000,32.98,441,6.9,16490.2,Diatom
Conestogo,cle,2017-07-05,2,P5551,Cyclotella michiganiana Skvortzow,2777810,72.22,2.55,5.1,26,Diatom
Conestogo,cle,2017-07-05,2,P6554,Rhodomonas minuta Skuja,1984150,238.89,11,5.6,120.4,Cryptophyte
Conestogo,cle,2017-07-05,2,P6558,Cryptomonas erosa Ehrenberg,72000,121.18,24.6,14,1683.1,Cryptophyte
Conestogo,cle,2017-07-05,2,P6562,Cryptomonas reflexa (Marsson) Skuja,2000,1.77,21,11,887,Cryptophyte
Conestogo,cle,2017-07-05,2,P6568,Katablepharis ovalis Skuja,2738127,182.09,9.1,4.6,66.5,Cryptophyte
Conestogo,cle,2017-07-05,2,P7632,Gymnodinium sp.,10000,94.17,26.2,26.2,9416.8,Dinoflagellate
Conestogo,cle,2017-07-05,2,P7640,Peridinium goslaviense Woloszynska,5000,167.55,40,40,33510.3,Dinoflagellate
Conestogo,cle,2017-07-05,2,P7644,Ceratium hirundenella (Muller) Schrank,26000,1350.47,62,40,51941,Dinoflagellate
Conestogo,cle,2017-07-11,2,P1041,Aphanizomenon flos-aquae Ralfs and Born.,585000,2008.13,260,4.1,3432.7,Cyanophyte
Conestogo,cle,2017-07-11,2,P1076,Woronichinia compacta (Lemmermann) Komarek and Hindak,4000,10.9,0,0,2725,Cyanophyte
Conestogo,cle,2017-07-11,2,P1133,Anabaena flos-aquae (Lyngb.) Breb. & Bornet,5000,13.69,136,6.2,2737.3,Cyanophyte
Conestogo,cle,2017-07-11,2,P1204,Heterocycts (Anabaena flos-aquae),5000,0.65,6.3,6.3,130.9,Cyanophyte
Conestogo,cle,2017-07-11,2,P1205,Heterocycts (Aphanizomenon flos-aquae),116000,8.54,7.6,4.3,73.6,Cyanophyte
Conestogo,cle,2017-07-11,2,P1210,Anabaena Akinetes,1000,0.26,14,6,263.9,Cyanophyte
Conestogo,cle,2017-07-11,2,P1211,Aphanizomenon Akinetes,7000,1.85,30,4.1,264.1,Cyanophyte
Conestogo,cle,2017-07-11,2,P2113,Pediastrum duplex Meyen,1000,2.73,0,0,2725,Chlorophyte
Conestogo,cle,2017-07-11,2,P2126,Chodatella sp.,39683,2,6,4,50.3,Chlorophyte
Conestogo,cle,2017-07-11,2,P2130,Scenedesmus quadricauda (Turp.) Brebisson,4000,0.23,8.9,4.3,57.4,Chlorophyte
Conestogo,cle,2017-07-11,2,P2204,Ankyra judai (G.M. Smith) Fott,79366,6.13,17,3.4,77.2,Chlorophyte
Conestogo,cle,2017-07-11,2,P3301,Euglena acus Ehrenberg,1000,5.13,96,10.1,5127.6,Euglenophyte
Conestogo,cle,2017-07-11,2,P4351,Small chrysophyceae,555562,7.11,2.9,2.9,12.8,Chrysophyte
Conestogo,cle,2017-07-11,2,P4352,Large chrysophyceae,39683,7.13,7,7,179.6,Chrysophyte
Conestogo,cle,2017-07-11,2,P4357,Chrysococcus sp.,158732,8.1,4.6,4.6,51,Chrysophyte
Conestogo,cle,2017-07-11,2,P4398,Ochromonas globosa Skuja,277781,38.14,6.4,6.4,137.3,Chrysophyte
Conestogo,cle,2017-07-11,2,P4418,Salpingoeca frequentissima (Zach.) Lemmermann,238098,7.19,6,3.1,30.2,Chrysophyte
Conestogo,cle,2017-07-11,2,P5507,Cyclotella stelligera Cleve and Grunow,2000,3.14,10,20,1570.8,Diatom
Conestogo,cle,2017-07-11,2,P5508,Cyclotella pseudostelligera,317464,66.16,5.1,10.2,208.4,Diatom
Conestogo,cle,2017-07-11,2,P5515,Fragilaria crotonensis Kitton,1000,0.3,71,4,297.4,Diatom
Conestogo,cle,2017-07-11,2,P5524,Asterionella formosa Hassall,278000,23.88,82,2,85.9,Diatom
Conestogo,cle,2017-07-11,2,P5530,Stephanodiscus niagarae Ehrenberg,36000,546.46,21.3,42.6,15179.5,Diatom
Conestogo,cle,2017-07-11,2,P5540,Aulacoseira italica v subarctica (O. Muller) Simonsen,29000,459.65,525,6.2,15850.1,Diatom
Conestogo,cle,2017-07-11,2,P5551,Cyclotella michiganiana Skvortzow,119049,2.27,2.3,4.6,19.1,Diatom
Conestogo,cle,2017-07-11,2,P6554,Rhodomonas minuta Skuja,238098,30.17,12,5.5,126.7,Cryptophyte
Conestogo,cle,2017-07-11,2,P6558,Cryptomonas erosa Ehrenberg,7000,12.21,25.5,14,1744.6,Cryptophyte
Conestogo,cle,2017-07-11,2,P6562,Cryptomonas reflexa (Marsson) Skuja,2000,1.33,19,10,663.2,Cryptophyte
Conestogo,cle,2017-07-11,2,P6568,Katablepharis ovalis Skuja,79366,4.94,9,4.4,62.2,Cryptophyte
Conestogo,cle,2017-07-11,2,P7632,Gymnodinium sp.,1000,7.79,24.6,24.6,7794.8,Dinoflagellate
Conestogo,cle,2017-07-11,2,P7640,Peridinium goslaviense Woloszynska,1000,33.51,40,40,33510.3,Dinoflagellate
Conestogo,cle,2017-07-11,2,P7644,Ceratium hirundenella (Muller) Schrank,12000,603.19,60,40,50265.5,Dinoflagellate
Conestogo,clw,2017-07-11,2,P1041,Aphanizomenon flos-aquae Ralfs and Born.,222000,613.74,220,4,2764.6,Cyanophyte
Conestogo,clw,2017-07-11,2,P1076,Woronichinia compacta (Lemmermann) Komarek and Hindak,3000,10.95,0,0,3650,Cyanophyte
Conestogo,clw,2017-07-11,2,P1205,Heterocycts (Aphanizomenon flos-aquae),96000,5.32,6,4.2,55.4,Cyanophyte
Conestogo,clw,2017-07-11,2,P2112,Sphaerocystis schroeteri Chodat,79366,2.87,4.1,4.1,36.1,Chlorophyte
Conestogo,clw,2017-07-11,2,P2204,Ankyra judayi (G.M. Smith) Fott,555562,56.89,16.3,4,102.4,Chlorophyte
Conestogo,clw,2017-07-11,2,P4351,Small chrysophyceae,555562,7.11,2.9,2.9,12.8,Chrysophyte
Conestogo,clw,2017-07-11,2,P4352,Large chrysophyceae,198415,35.64,7,7,179.6,Chrysophyte
Conestogo,clw,2017-07-11,2,P4355,Chrysochromulina parva Lackey,39683,2.6,5,5,65.4,Chrysophyte
Conestogo,clw,2017-07-11,2,P4357,Chrysococcus sp.,595245,38.93,5,5,65.4,Chrysophyte
Conestogo,clw,2017-07-11,2,P4418,Salpingoeca frequentissima (Zach.) Lemmermann,912709,31.21,6,3.3,34.2,Chrysophyte
Conestogo,clw,2017-07-11,2,P5509,Cyclotella ocellata Pant.,39683,3.42,3.8,7.6,86.2,Diatom
Conestogo,clw,2017-07-11,2,P5524,Asterionella formosa Hassall,118000,10.88,88,2,92.2,Diatom
Conestogo,clw,2017-07-11,2,P5530,Stephanodiscus niagarae Ehrenberg,10000,239.59,24.8,49.6,23959.3,Diatom
Conestogo,clw,2017-07-11,2,P5540,Aulacoseira italica v subarctica (O. Muller) Simonsen,5000,76.26,296,8.1,15252.9,Diatom
Conestogo,clw,2017-07-11,2,P5551,Cyclotella michiganiana Skvortzow,119049,2.92,2.5,5,24.5,Diatom
Conestogo,clw,2017-07-11,2,P6554,Rhodomonas minuta Skuja,396830,51.87,10.4,6,130.7,Cryptophyte
Conestogo,clw,2017-07-11,2,P6558,Cryptomonas erosa Ehrenberg,5000,8.89,26,14,1778.8,Cryptophyte
Conestogo,clw,2017-07-11,2,P6568,Katablepharis ovalis Skuja,79366,3.29,7.7,4,41.4,Cryptophyte
Conestogo,clw,2017-07-11,2,P7639,Peridinium pusillum (Penard) Lemmermann,3000,11.47,19.4,19.4,3823,Dinoflagellate
Conestogo,clc,2017-07-14,2,P1041,Aphanizomenon flos-aquae Ralfs and Born.,29600,109.42,280,4.1,3696.7,Cyanophyte
Conestogo,clc,2017-07-14,2,P1076,Woronichinia compacta (Lemmermann) Komarek and Hindak,1600,4.8,0,0,3000,Cyanophyte
Conestogo,clc,2017-07-14,2,P1205,Heterocycts (Aphanizomenon flos-aquae),10400,0.72,7.9,4.1,69.5,Cyanophyte
Conestogo,clc,2017-07-14,2,P2101,Carteria spp.,14368,0.72,6,4,50.3,Chlorophyte
Conestogo,clc,2017-07-14,2,P2105,Chlamydomonas spp.,28736,0.76,5.6,3,26.4,Chlorophyte
Conestogo,clc,2017-07-14,2,P2112,Sphaerocystis schroeteri Chodat,316096,5.44,3.2,3.2,17.2,Chlorophyte
Conestogo,clc,2017-07-14,2,P2121,Oocystis lacustris Chodat,28736,1.45,6,4,50.3,Chlorophyte
Conestogo,clc,2017-07-14,2,P2141,Monoraphidium contortum (Thur.) Komarkova-Legnerova,14368,0.27,21,1.5,18.6,Chlorophyte
Conestogo,clc,2017-07-14,2,P2178,Cosmarium sp.,400,0.56,20,20,1396.3,Chlorophyte
Conestogo,clc,2017-07-14,2,P2204,Ankyra judai (G.M. Smith) Fott,574720,71.67,18,4.2,124.7,Chlorophyte
Conestogo,clc,2017-07-14,2,P4351,Small chrysophyceae,359200,5.06,3,3,14.1,Chrysophyte
Conestogo,clc,2017-07-14,2,P4352,Large chrysophyceae,14368,2.58,7,7,179.6,Chrysophyte
Conestogo,clc,2017-07-14,2,P4357,Chrysococcus sp.,43104,1.67,4.2,4.2,38.8,Chrysophyte
Conestogo,clc,2017-07-14,2,P4398,Ochromonas globosa Skuja,28736,4.13,6.5,6.5,143.8,Chrysophyte
Conestogo,clc,2017-07-14,2,P4401,Uroglena volvox Ehrenberg,28736,3.25,6,6,113.1,Chrysophyte
Conestogo,clc,2017-07-14,2,P4401,Uroglena volvox Ehrenberg,400,30.6,0,0,76500,Chrysophyte
Conestogo,clc,2017-07-14,2,P4418,Salpingoeca frequentissima (Zach.) Lemmermann,287360,7.04,5.2,3,24.5,Chrysophyte
Conestogo,clc,2017-07-14,2,P5508,Cyclotella pseudostelligera,57472,19.02,5.95,11.9,330.9,Diatom
Conestogo,clc,2017-07-14,2,P5515,Fragilaria crotonensis Kitton,4000,1.53,91.3,4,382.4,Diatom
Conestogo,clc,2017-07-14,2,P5524,Asterionella formosa Hassall,34800,2.92,80,2,83.8,Diatom
Conestogo,clc,2017-07-14,2,P5530,Stephanodiscus niagarae Ehrenberg,4400,62.2,20.8,41.6,14135.5,Diatom
Conestogo,clc,2017-07-14,2,P5540,Aulacoseira italica v subarctica (O. Muller) Simonsen,4800,103.88,400,8.3,21642.4,Diatom
Conestogo,clc,2017-07-14,2,P6554,Rhodomonas minuta Skuja,114944,18.06,12.5,6,157.1,Cryptophyte
Conestogo,clc,2017-07-14,2,P6558,Cryptomonas erosa Ehrenberg,14000,25.1,26.2,14,1792.5,Cryptophyte
Conestogo,clc,2017-07-14,2,P6565,Cryptomonas rostratiformis Skuja,6000,20.37,38,16,3395.7,Cryptophyte
Conestogo,clc,2017-07-14,2,P6568,Katablepharis ovalis Skuja,28736,1.67,9,4.1,58,Cryptophyte
Conestogo,clc,2017-07-14,2,P7644,Ceratium hirundenella (Muller) Schrank,400,20.78,62,40,51941,Dinoflagellate
Conestogo,clc,2017-07-14,7,P1041,Aphanizomenon flos-aquae Ralfs and Born.,27600,90.18,260,4,3267.3,Cyanophyte
Conestogo,clc,2017-07-14,7,P1076,Woronichinia compacta (Lemmermann) Komarek and Hindak,2000,6,0,0,3000,Cyanophyte
Conestogo,clc,2017-07-14,7,P1133,Anabaena flos-aquae (Lyngb.) Breb. & Bornet,800,3.86,240,6.2,4830.5,Cyanophyte
Conestogo,clc,2017-07-14,7,P1204,Heterocycts (Anabaena flos-aquae),1200,0.16,6.3,6.3,130.9,Cyanophyte
Conestogo,clc,2017-07-14,7,P1205,Heterocycts (Aphanizomenon flos-aquae),7600,0.58,8.3,4.2,76.7,Cyanophyte
Conestogo,clc,2017-07-14,7,P2101,Carteria spp.,14368,0.76,6.3,4,52.8,Chlorophyte
Conestogo,clc,2017-07-14,7,P2113,Pediastrum duplex Meyen,400,1.07,0,0,2675,Chlorophyte
Conestogo,clc,2017-07-14,7,P2204,Ankyra judai (G.M. Smith) Fott,560352,73.74,19,4.2,131.6,Chlorophyte
Conestogo,clc,2017-07-14,7,P2255,Selenastrum copricornutum Printz,28736,2.36,7.1,4.7,82.1,Chlorophyte
Conestogo,clc,2017-07-14,7,P4351,Small chrysophyceae,818976,11.55,3,3,14.1,Chrysophyte
Conestogo,clc,2017-07-14,7,P4352,Large chrysophyceae,28736,5.16,7,7,179.6,Chrysophyte
Conestogo,clc,2017-07-14,7,P4355,Chrysochromulina parva Lackey,14368,0.94,5,5,65.4,Chrysophyte
Conestogo,clc,2017-07-14,7,P4398,Ochromonas globosa Skuja,215520,30.99,6.5,6.5,143.8,Chrysophyte
Conestogo,clc,2017-07-14,7,P4401,Uroglena volvox Ehrenberg,86208,9.75,6,6,113.1,Chrysophyte
Conestogo,clc,2017-07-14,7,P5507,Cyclotella stelligera Cleve and Grunow,400,0.63,10,20,1570.8,Diatom
Conestogo,clc,2017-07-14,7,P5508,Cyclotella pseudostelligera,14368,3.75,5.5,11,261.3,Diatom
Conestogo,clc,2017-07-14,7,P5515,Fragilaria crotonensis Kitton,7200,2.14,71,4,297.4,Diatom
Conestogo,clc,2017-07-14,7,P5524,Asterionella formosa Hassall,52400,4.5,82,2,85.9,Diatom
Conestogo,clc,2017-07-14,7,P5530,Stephanodiscus niagarae Ehrenberg,2000,31.22,21.5,43,15611.2,Diatom
Conestogo,clc,2017-07-14,7,P5540,Aulacoseira italica v subarctica (O. Muller) Simonsen,4800,92.89,385,8,19352.2,Diatom
Conestogo,clc,2017-07-14,7,P5551,Cyclotella michiganiana Skvortzow,28736,0.55,2.3,4.6,19.1,Diatom
Conestogo,clc,2017-07-14,7,P6554,Rhodomonas minuta Skuja,143680,22.57,12.5,6,157.1,Cryptophyte
Conestogo,clc,2017-07-14,7,P6558,Cryptomonas erosa Ehrenberg,7600,13.83,26.6,14,1819.9,Cryptophyte
Conestogo,clc,2017-07-14,7,P6562,Cryptomonas reflexa (Marsson) Skuja,1200,0.8,19.1,10,666.7,Cryptophyte
Conestogo,clc,2017-07-14,7,P6565,Cryptomonas rostratiformis Skuja,5200,16.73,36,16,3217,Cryptophyte
Conestogo,clc,2017-07-14,7,P6568,Katablepharis ovalis Skuja,114944,7.45,9.4,4.2,64.8,Cryptophyte
Conestogo,clc,2017-07-14,7,P7644,Ceratium hirundenella (Muller) Schrank,3600,190,63,40,52778.8,Dinoflagellate
Conestogo,clc,2017-07-18,2,P1041,Aphanizomenon flos-aquae Ralfs and Born.,368800,1019.58,220,4,2764.6,Cyanophyte
Conestogo,clc,2017-07-18,2,P1075,Microcystis aeruginosa (Kutzing) Kutzing,400,2.04,0,0,5100,Cyanophyte
Conestogo,clc,2017-07-18,2,P1076,Woronichinia compacta (Lemmermann) Komarek and Hindak,8400,31.08,0,0,3700,Cyanophyte
Conestogo,clc,2017-07-18,2,P1133,Anabaena flos-aquae (Lyngb.) Breb. & Bornet,2800,12.6,231,6.1,4500.6,Cyanophyte
Conestogo,clc,2017-07-18,2,P1204,Heterocycts (Anabaena flos-aquae),3200,0.4,6.2,6.2,124.8,Cyanophyte
Conestogo,clc,2017-07-18,2,P1205,Heterocycts (Aphanizomenon flos-aquae),142400,11.15,8.9,4.1,78.3,Cyanophyte
Conestogo,clc,2017-07-18,2,P1210,Anabaena Akinetes,400,0.15,19,6.2,382.4,Cyanophyte
Conestogo,clc,2017-07-18,2,P1211,Aphanizomenon Akinetes,2400,0.84,42,4,351.9,Cyanophyte
Conestogo,clc,2017-07-18,2,P2113,Pediastrum duplex Meyen,1200,4.2,0,0,3500,Chlorophyte
Conestogo,clc,2017-07-18,2,P2121,Oocystis lacustris Chodat,43104,2.17,6,4,50.3,Chlorophyte
Conestogo,clc,2017-07-18,2,P2204,Ankyra judai (G.M. Smith) Fott,344832,19.52,15,3.1,56.6,Chlorophyte
Conestogo,clc,2017-07-18,2,P4351,Small chrysophyceae,301728,3.11,2.7,2.7,10.3,Chrysophyte
Conestogo,clc,2017-07-18,2,P4352,Large chrysophyceae,14368,2.58,7,7,179.6,Chrysophyte
Conestogo,clc,2017-07-18,2,P4355,Chrysochromulina parva Lackey,14368,0.94,5,5,65.4,Chrysophyte
Conestogo,clc,2017-07-18,2,P4398,Ochromonas globosa Skuja,272992,37.48,6.4,6.4,137.3,Chrysophyte
Conestogo,clc,2017-07-18,2,P4418,Salpingoeca frequentissima (Zach.) Lemmermann,100576,2.46,5.2,3,24.5,Chrysophyte
Conestogo,clc,2017-07-18,2,P5508,Cyclotella pseudostelligera,14368,4.88,6,12,339.3,Diatom
Conestogo,clc,2017-07-18,2,P5515,Fragilaria crotonensis Kitton,3600,1.09,72,4,301.6,Diatom
Conestogo,clc,2017-07-18,2,P5524,Asterionella formosa Hassall,30400,2.58,81,2,84.8,Diatom
Conestogo,clc,2017-07-18,2,P5530,Stephanodiscus niagarae Ehrenberg,1200,22.34,22.8,45.6,18617.6,Diatom
Conestogo,clc,2017-07-18,2,P5540,Aulacoseira italica v subarctica (O. Muller) Simonsen,2000,40.14,380,8.2,20067.9,Diatom
Conestogo,clc,2017-07-18,2,P6554,Rhodomonas minuta Skuja,100576,15.8,12.5,6,157.1,Cryptophyte
Conestogo,clc,2017-07-18,2,P6565,Cryptomonas rostratiformis Skuja,400,1.22,34,16,3038.3,Cryptophyte
Conestogo,clc,2017-07-18,2,P7644,Ceratium hirundenella (Muller) Schrank,6000,321.7,64,40,53616.5,Dinoflagellate
Conestogo,clc,2017-07-18,7,P1041,Aphanizomenon flos-aquae Ralfs and Born.,12000,36.19,240,4,3015.9,Cyanophyte
Conestogo,clc,2017-07-18,7,P1076,Woronichinia compacta (Lemmermann) Komarek and Hindak,800,2.48,0,0,3100,Cyanophyte
Conestogo,clc,2017-07-18,7,P1205,Heterocycts (Aphanizomenon flos-aquae),4400,0.29,7.6,4.1,66.9,Cyanophyte
Conestogo,clc,2017-07-18,7,P1211,Aphanizomenon Akinetes,2000,0.59,35.3,4,295.7,Cyanophyte
Conestogo,clc,2017-07-18,7,P2101,Carteria spp.,57472,3.03,6.3,4,52.8,Chlorophyte
Conestogo,clc,2017-07-18,7,P2101,Carteria spp.,14368,15.05,12.6,12.6,1047.4,Chlorophyte
Conestogo,clc,2017-07-18,7,P2112,Sphaerocystis schroeteri Chodat,57472,0.9,3.1,3.1,15.6,Chlorophyte
Conestogo,clc,2017-07-18,7,P2121,Oocystis lacustris Chodat,28736,0.77,5.7,3,26.9,Chlorophyte
Conestogo,clc,2017-07-18,7,P2204,Ankyra judai (G.M. Smith) Fott,143680,7.92,14.6,3.1,55.1,Chlorophyte
Conestogo,clc,2017-07-18,7,P4351,Small chrysophyceae,488512,6.89,3,3,14.1,Chrysophyte
Conestogo,clc,2017-07-18,7,P4352,Large chrysophyceae,43104,7.74,7,7,179.6,Chrysophyte
Conestogo,clc,2017-07-18,7,P4355,Chrysochromulina parva Lackey,28736,1.88,5,5,65.4,Chrysophyte
Conestogo,clc,2017-07-18,7,P4357,Chrysococcus sp.,57472,2.93,4.6,4.6,51,Chrysophyte
Conestogo,clc,2017-07-18,7,P4398,Ochromonas globosa Skuja,215520,37.07,6.9,6.9,172,Chrysophyte
Conestogo,clc,2017-07-18,7,P4401,Uroglena volvox Ehrenberg,229888,26,6,6,113.1,Chrysophyte
Conestogo,clc,2017-07-18,7,P4418,Salpingoeca frequentissima (Zach.) Lemmermann,201152,5.21,5.5,3,25.9,Chrysophyte
Conestogo,clc,2017-07-18,7,P5508,Cyclotella pseudostelligera,14368,3.75,5.5,11,261.3,Diatom
Conestogo,clc,2017-07-18,7,P5524,Asterionella formosa Hassall,56400,4.84,82,2,85.9,Diatom
Conestogo,clc,2017-07-18,7,P5530,Stephanodiscus niagarae Ehrenberg,1200,18.73,21.5,43,15611.2,Diatom
Conestogo,clc,2017-07-18,7,P5540,Aulacoseira italica v subarctica (O. Muller) Simonsen,400,8.66,410,8.2,21652.2,Diatom
Conestogo,clc,2017-07-18,7,P5551,Cyclotella michiganiana Skvortzow,28736,0.59,2.35,4.7,20.4,Diatom
Conestogo,clc,2017-07-18,7,P6554,Rhodomonas minuta Skuja,14368,2.17,12,6,150.8,Cryptophyte
Conestogo,clc,2017-07-18,7,P6568,Katablepharis ovalis Skuja,14368,0.69,8.3,4,48.1,Cryptophyte
Conestogo,clc,2017-07-18,7,P7632,Gymnodinium sp.,400,6.36,31.2,31.2,15902.4,Dinoflagellate
Conestogo,clc,2017-07-18,7,P7644,Ceratium hirundenella (Muller) Schrank,2000,100.53,60,40,50265.5,Dinoflagellate
Conestogo,cle,2017-07-19,2,P1041,Aphanizomenon flos-aquae Ralfs and Born.,3330000,10880.11,260,4,3267.3,Cyanophyte
Conestogo,cle,2017-07-19,2,P1075,Microcystis aeruginosa (Kutzing) Kutzing,17000,71.4,0,0,4200,Cyanophyte
Conestogo,cle,2017-07-19,2,P1076,Woronichinia compacta (Lemmermann) Komarek and Hindak,85000,312.38,0,0,3675,Cyanophyte
Conestogo,cle,2017-07-19,2,P1133,Anabaena flos-aquae (Lyngb.) Breb. & Bornet,14000,88.58,286,6.5,6326.9,Cyanophyte
Conestogo,cle,2017-07-19,2,P1204,Heterocycts (Anabaena flos-aquae),17000,2.8,6.8,6.8,164.6,Cyanophyte
Conestogo,cle,2017-07-19,2,P1205,Heterocycts (Aphanizomenon flos-aquae),980000,86.24,10,4.1,88,Cyanophyte
Conestogo,cle,2017-07-19,2,P1211,Aphanizomenon Akinetes,55000,12.58,26,4.1,228.8,Cyanophyte
Conestogo,cle,2017-07-19,2,P2105,Chlamydomonas spp.,39683,2,6,4,50.3,Chlorophyte
Conestogo,cle,2017-07-19,2,P2136,Dictyosphaerium pulchellum Wood,317464,35.91,6,6,113.1,Chlorophyte
Conestogo,cle,2017-07-19,2,P2204,Ankyra judai (G.M. Smith) Fott,555562,29.33,14,3.1,52.8,Chlorophyte
Conestogo,cle,2017-07-19,2,P4351,Small chrysophyceae,1071441,18.43,3.2,3.2,17.2,Chrysophyte
Conestogo,cle,2017-07-19,2,P4352,Large chrysophyceae,79366,14.25,7,7,179.6,Chrysophyte
Conestogo,cle,2017-07-19,2,P4358,Chrysostephanospaera globulifera Scherffel,39683,11.88,8.3,8.3,299.4,Chrysophyte
Conestogo,cle,2017-07-19,2,P4362,Kephyrion sp.,119049,2.24,3.3,3.3,18.8,Chrysophyte
Conestogo,cle,2017-07-19,2,P4398,Ochromonas globosa Skuja,912709,156.99,6.9,6.9,172,Chrysophyte
Conestogo,cle,2017-07-19,2,P4418,Salpingoeca frequentissima (Zach.) Lemmermann,119049,3.24,5.4,3.1,27.2,Chrysophyte
Conestogo,cle,2017-07-19,2,P5508,Cyclotella pseudostelligera,39683,8.03,5.05,10.1,202.3,Diatom
Conestogo,cle,2017-07-19,2,P5524,Asterionella formosa Hassall,10000,1.05,100,2,104.7,Diatom
Conestogo,cle,2017-07-19,2,P5530,Stephanodiscus niagarae Ehrenberg,3000,50.18,22,44,16725.8,Diatom
Conestogo,cle,2017-07-19,2,P5540,Aulacoseira italica v subarctica (O. Muller) Simonsen,8000,152.81,380,8,19100.9,Diatom
Conestogo,cle,2017-07-19,2,P6554,Rhodomonas minuta Skuja,198415,23.06,11,5.5,116.2,Cryptophyte
Conestogo,cle,2017-07-19,2,P6558,Cryptomonas erosa Ehrenberg,7000,11.11,23.2,14,1587.3,Cryptophyte
Conestogo,cle,2017-07-19,2,P6568,Katablepharis ovalis Skuja,39683,2.41,9,4.3,60.8,Cryptophyte
Conestogo,cle,2017-07-19,2,P7640,Peridinium goslaviense Woloszynska,2000,67.02,40,40,33510.3,Dinoflagellate
Conestogo,cle,2017-07-19,2,P7644,Ceratium hirundenella (Muller) Schrank,58000,2915.4,60,40,50265.5,Dinoflagellate
Conestogo,clw,2017-07-19,2,P1041,Aphanizomenon flos-aquae Ralfs and Born.,987000,2728.66,220,4,2764.6,Cyanophyte
Conestogo,clw,2017-07-19,2,P1076,Woronichinia compacta (Lemmermann) Komarek and Hindak,13000,52,0,0,4000,Cyanophyte
Conestogo,clw,2017-07-19,2,P1133,Anabaena flos-aquae (Lyngb.) Breb. & Bornet,11000,69.96,316,6.2,6360.2,Cyanophyte
Conestogo,clw,2017-07-19,2,P1204,Heterocycts (Anabaena flos-aquae),16000,2.09,6.3,6.3,130.9,Cyanophyte
Conestogo,clw,2017-07-19,2,P1205,Heterocycts (Aphanizomenon flos-aquae),331000,15.52,5.6,4,46.9,Cyanophyte
Conestogo,clw,2017-07-19,2,P1211,Aphanizomenon Akinetes,1000,0.19,21,4.2,194,Cyanophyte
Conestogo,clw,2017-07-19,2,P2101,Carteria spp.,317464,47.87,8,6,150.8,Chlorophyte
Conestogo,clw,2017-07-19,2,P2105,Chlamydomonas spp.,79366,2.06,5.5,3,25.9,Chlorophyte
Conestogo,clw,2017-07-19,2,P2204,Ankyra judayi (G.M. Smith) Fott,793660,72.78,14.6,4,91.7,Chlorophyte
Conestogo,clw,2017-07-19,2,P4351,Small chrysophyceae,158732,1.02,2.3,2.3,6.4,Chrysophyte
Conestogo,clw,2017-07-19,2,P4352,Large chrysophyceae,119049,21.38,7,7,179.6,Chrysophyte
Conestogo,clw,2017-07-19,2,P4357,Chrysococcus sp.,476196,31.14,5,5,65.4,Chrysophyte
Conestogo,clw,2017-07-19,2,P4398,Ochromonas globosa Skuja,119049,17.12,6.5,6.5,143.8,Chrysophyte
Conestogo,clw,2017-07-19,2,P4418,Salpingoeca frequentissima (Zach.) Lemmermann,39683,1.25,5.9,3.2,31.6,Chrysophyte
Conestogo,clw,2017-07-19,2,P5524,Asterionella formosa Hassall,97000,8.94,88,2,92.2,Diatom
Conestogo,clw,2017-07-19,2,P5530,Stephanodiscus niagarae Ehrenberg,3000,78.14,25.5,51,26046,Diatom
Conestogo,clw,2017-07-19,2,P5540,Aulacoseira italica v subarctica (O. Muller) Simonsen,8000,133.72,341,7.9,16714.7,Diatom
Conestogo,clw,2017-07-19,2,P6554,Rhodomonas minuta Skuja,674611,93.23,11,6,138.2,Cryptophyte
Conestogo,clw,2017-07-19,2,P6558,Cryptomonas erosa Ehrenberg,7000,12.31,25.7,14,1758.3,Cryptophyte
Conestogo,clw,2017-07-19,2,P6562,Cryptomonas reflexa (Marsson) Skuja,1000,0.73,21,10,733,Cryptophyte
Conestogo,clw,2017-07-19,2,P6568,Katablepharis ovalis Skuja,317464,13.84,7.9,4,43.6,Cryptophyte
Conestogo,clw,2017-07-19,2,P7632,Gymnodinium sp.,1000,9.31,26.1,26.1,9309.4,Dinoflagellate
Conestogo,clw,2017-07-19,2,P7644,Ceratium hirundinella (Muller) Schrank,10000,502.66,60,40,50265.5,Dinoflagellate
Conestogo,clc,2017-07-25,2,P1041,Aphanizomenon flos-aquae Ralfs and Born.,1563000,4713.85,240,4,3015.9,Cyanophyte
Conestogo,clc,2017-07-25,2,P1075,Microcystis aeruginosa (Kutzing) Kutzing,2000,7.2,0,0,3600,Cyanophyte
Conestogo,clc,2017-07-25,2,P1076,Woronichinia compacta (Lemmermann) Komarek and Hindak,35000,98,0,0,2800,Cyanophyte
Conestogo,clc,2017-07-25,2,P1205,Heterocycts (Aphanizomenon flos-aquae),269000,22.25,9.4,4.1,82.7,Cyanophyte
Conestogo,clc,2017-07-25,2,P1211,Aphanizomenon Akinetes,10000,3.08,29,4.5,307.5,Cyanophyte
Conestogo,clc,2017-07-25,2,P2101,Carteria spp.,198415,33.65,9,6,169.6,Chlorophyte
Conestogo,clc,2017-07-25,2,P2105,Chlamydomonas spp.,79366,4.79,7.2,4,60.3,Chlorophyte
Conestogo,clc,2017-07-25,2,P2121,Oocystis lacustris Chodat,79366,2.25,6,3,28.3,Chlorophyte
Conestogo,clc,2017-07-25,2,P2193,Staurodesmus paradoxum Meyen,1000,4.08,30,26,4084.1,Chlorophyte
Conestogo,clc,2017-07-25,2,P2204,Ankyra judai (G.M. Smith) Fott,357147,44.79,19,4.1,125.4,Chlorophyte
Conestogo,clc,2017-07-25,2,P4351,Small chrysophyceae,674611,4.86,2.4,2.4,7.2,Chrysophyte
Conestogo,clc,2017-07-25,2,P4352,Large chrysophyceae,39683,7.13,7,7,179.6,Chrysophyte
Conestogo,clc,2017-07-25,2,P4357,Chrysococcus sp.,238098,9.9,4.3,4.3,41.6,Chrysophyte
Conestogo,clc,2017-07-25,2,P4398,Ochromonas globosa Skuja,714294,98.07,6.4,6.4,137.3,Chrysophyte
Conestogo,clc,2017-07-25,2,P4418,Salpingoeca frequentissima (Zach.) Lemmermann,238098,6.9,5.4,3.2,29,Chrysophyte
Conestogo,clc,2017-07-25,2,P5507,Cyclotella stelligera Cleve and Grunow,1000,1.98,10.8,21.6,1978.8,Diatom
Conestogo,clc,2017-07-25,2,P5508,Cyclotella pseudostelligera,158732,41.48,5.5,11,261.3,Diatom
Conestogo,clc,2017-07-25,2,P5523,Synedra ulna (Nitzsch) Ehrenberg,1000,2.45,260,6,2450.4,Diatom
Conestogo,clc,2017-07-25,2,P5524,Asterionella formosa Hassall,44000,3.65,79.3,2,83,Diatom
Conestogo,clc,2017-07-25,2,P5530,Stephanodiscus niagarae Ehrenberg,5000,83.63,22,44,16725.8,Diatom
Conestogo,clc,2017-07-25,2,P5540,Aulacoseira italica v subarctica (O. Muller) Simonsen,16000,398.15,400,8.9,24884.6,Diatom
Conestogo,clc,2017-07-25,2,P5551,Cyclotella michiganiana Skvortzow,39683,0.76,2.3,4.6,19.1,Diatom
Conestogo,clc,2017-07-25,2,P6554,Rhodomonas minuta Skuja,317464,49.87,12.5,6,157.1,Cryptophyte
Conestogo,clc,2017-07-25,2,P6558,Cryptomonas erosa Ehrenberg,4000,7.14,26.1,14,1785.7,Cryptophyte
Conestogo,clc,2017-07-25,2,P6568,Katablepharis ovalis Skuja,793660,46.03,9,4.1,58,Cryptophyte
Conestogo,clc,2017-07-25,2,P7644,Ceratium hirundenella (Muller) Schrank,1000,51.94,62,40,51941,Dinoflagellate
Conestogo,clc,2017-07-25,7,P1041,Aphanizomenon flos-aquae Ralfs and Born.,787000,2670.21,270,4,3392.9,Cyanophyte
Conestogo,clc,2017-07-25,7,P1075,Microcystis aeruginosa (Kutzing) Kutzing,1000,3.5,0,0,3500,Cyanophyte
Conestogo,clc,2017-07-25,7,P1076,Woronichinia compacta (Lemmermann) Komarek and Hindak,22000,80.3,0,0,3650,Cyanophyte
Conestogo,clc,2017-07-25,7,P1205,Heterocycts (Aphanizomenon flos-aquae),106000,8.02,8.6,4.1,75.7,Cyanophyte
Conestogo,clc,2017-07-25,7,P1211,Aphanizomenon Akinetes,9000,2.41,32,4,268.1,Cyanophyte
Conestogo,clc,2017-07-25,7,P2101,Carteria spp.,357147,37.39,8,5,104.7,Chlorophyte
Conestogo,clc,2017-07-25,7,P2126,Chodatella sp.,39683,2,6,4,50.3,Chlorophyte
Conestogo,clc,2017-07-25,7,P2174,Closterium sp.,1000,1.71,121,6,1710.6,Chlorophyte
Conestogo,clc,2017-07-25,7,P2243,Tetraspora sp.,595245,1.25,17,0.4,2.1,Chlorophyte
Conestogo,clc,2017-07-25,7,P4351,Small chrysophyceae,1150807,16.23,3,3,14.1,Chrysophyte
Conestogo,clc,2017-07-25,7,P4352,Large chrysophyceae,39683,7.13,7,7,179.6,Chrysophyte
Conestogo,clc,2017-07-25,7,P4357,Chrysococcus sp.,198415,12.98,5,5,65.4,Chrysophyte
Conestogo,clc,2017-07-25,7,P4398,Ochromonas globosa Skuja,476196,65.38,6.4,6.4,137.3,Chrysophyte
Conestogo,clc,2017-07-25,7,P4418,Salpingoeca frequentissima (Zach.) Lemmermann,1746052,59.71,6,3.3,34.2,Chrysophyte
Conestogo,clc,2017-07-25,7,P5508,Cyclotella pseudostelligera,119049,40.39,6,12,339.3,Diatom
Conestogo,clc,2017-07-25,7,P5524,Asterionella formosa Hassall,58000,4.86,80,2,83.8,Diatom
Conestogo,clc,2017-07-25,7,P5530,Stephanodiscus niagarae Ehrenberg,1000,15.61,21.5,43,15611.2,Diatom
Conestogo,clc,2017-07-25,7,P5540,Aulacoseira italica v subarctica (O. Muller) Simonsen,18000,380.29,410,8.1,21127.3,Diatom
Conestogo,clc,2017-07-25,7,P6554,Rhodomonas minuta Skuja,357147,57.89,12.9,6,162.1,Cryptophyte
Conestogo,clc,2017-07-25,7,P6558,Cryptomonas erosa Ehrenberg,4000,7.01,25.6,14,1751.5,Cryptophyte
Conestogo,clc,2017-07-25,7,P6565,Cryptomonas rostratiformis Skuja,1000,3.04,34,16,3038.3,Cryptophyte
Conestogo,clc,2017-07-25,7,P6568,Katablepharis ovalis Skuja,992075,58.93,9,4.2,59.4,Cryptophyte
Conestogo,cle,2017-07-25,2,P1041,Aphanizomenon flos-aquae Ralfs and Born.,1235000,3724.64,240,4,3015.9,Cyanophyte
Conestogo,cle,2017-07-25,2,P1075,Microcystis aeruginosa (Kutzing) Kutzing,4000,12.8,0,0,3200,Cyanophyte
Conestogo,cle,2017-07-25,2,P1076,Woronichinia compacta (Lemmermann) Komarek and Hindak,40000,142,0,0,3550,Cyanophyte
Conestogo,cle,2017-07-25,2,P1205,Heterocycts (Aphanizomenon flos-aquae),169000,10.48,7.4,4,62,Cyanophyte
Conestogo,cle,2017-07-25,2,P1211,Aphanizomenon Akinetes,25000,5.06,23,4.1,202.4,Cyanophyte
Conestogo,cle,2017-07-25,2,P2132,Scenedesmus denticulatus Lagerhiem,317464,17.75,10,4,55.9,Chlorophyte
Conestogo,cle,2017-07-25,2,P2136,Dictyosphaerium pulchellum Wood,793660,89.76,6,6,113.1,Chlorophyte
Conestogo,cle,2017-07-25,2,P2204,Ankyra judai (G.M. Smith) Fott,277781,17.42,15.6,3.2,62.7,Chlorophyte
Conestogo,cle,2017-07-25,2,P4351,Small chrysophyceae,277781,2.28,2.5,2.5,8.2,Chrysophyte
Conestogo,cle,2017-07-25,2,P4352,Large chrysophyceae,198415,35.64,7,7,179.6,Chrysophyte
Conestogo,cle,2017-07-25,2,P4357,Chrysococcus sp.,158732,8.1,4.6,4.6,51,Chrysophyte
Conestogo,cle,2017-07-25,2,P4358,Chrysostephanospaera globulifera Scherffel,39683,11.88,8.3,8.3,299.4,Chrysophyte
Conestogo,cle,2017-07-25,2,P4362,Kephyrion sp.,79366,1.24,3.1,3.1,15.6,Chrysophyte
Conestogo,cle,2017-07-25,2,P4398,Ochromonas globosa Skuja,714294,102.72,6.5,6.5,143.8,Chrysophyte
Conestogo,cle,2017-07-25,2,P4415,Bicoeca lacustris Clark,79366,2.47,3.9,3.9,31.1,Chrysophyte
Conestogo,cle,2017-07-25,2,P4418,Salpingoeca frequentissima (Zach.) Lemmermann,198415,5.99,6,3.1,30.2,Chrysophyte
Conestogo,cle,2017-07-25,2,P5508,Cyclotella pseudostelligera,158732,41.48,5.5,11,261.3,Diatom
Conestogo,cle,2017-07-25,2,P5515,Fragilaria crotonensis Kitton,9000,2.71,72,4,301.6,Diatom
Conestogo,cle,2017-07-25,2,P5524,Asterionella formosa Hassall,4000,0.39,94,2,98.4,Diatom
Conestogo,cle,2017-07-25,2,P5530,Stephanodiscus niagarae Ehrenberg,4000,63.32,21.6,43.2,15830,Diatom
Conestogo,cle,2017-07-25,2,P5540,Aulacoseira italica v subarctica (O. Muller) Simonsen,5000,63.64,241,8.2,12727.3,Diatom
Conestogo,cle,2017-07-25,2,P5551,Cyclotella michiganiana Skvortzow,119049,2.27,2.3,4.6,19.1,Diatom
Conestogo,cle,2017-07-25,2,P6554,Rhodomonas minuta Skuja,119049,11.89,11,5.1,99.9,Cryptophyte
Conestogo,cle,2017-07-25,2,P6558,Cryptomonas erosa Ehrenberg,8000,9.73,24.2,12,1216.4,Cryptophyte
Conestogo,cle,2017-07-25,2,P6568,Katablepharis ovalis Skuja,1031758,65.62,9.1,4.4,63.6,Cryptophyte
Conestogo,cle,2017-07-25,2,P7644,Ceratium hirundenella (Muller) Schrank,8000,398.1,59.4,40,49762.8,Dinoflagellate
Conestogo,clw,2017-07-25,2,P1041,Aphanizomenon flos-aquae Ralfs and Born.,1800000,5228.28,220,4.1,2904.6,Cyanophyte
Conestogo,clw,2017-07-25,2,P1076,Woronichinia compacta (Lemmermann) Komarek and Hindak,31000,127.1,0,0,4100,Cyanophyte
Conestogo,clw,2017-07-25,2,P1205,Heterocycts (Aphanizomenon flos-aquae),141000,6.91,5.3,4.2,49,Cyanophyte
Conestogo,clw,2017-07-25,2,P1211,Aphanizomenon Akinetes,14000,2.7,19,4.4,192.6,Cyanophyte
Conestogo,clw,2017-07-25,2,P2101,Carteria spp.,39683,5.98,8,6,150.8,Chlorophyte
Conestogo,clw,2017-07-25,2,P2105,Chlamydomonas spp.,39683,2.33,7,4,58.6,Chlorophyte
Conestogo,clw,2017-07-25,2,P2130,Scenedesmus quadricauda (Turp.) Brebisson,79366,6.93,10,5,87.3,Chlorophyte
Conestogo,clw,2017-07-25,2,P2193,Staurodesmus paradoxum Meyen,1000,3.49,28.3,25,3494.5,Chlorophyte
Conestogo,clw,2017-07-25,2,P2204,Ankyra judayi (G.M. Smith) Fott,396830,39.29,15,4.1,99,Chlorophyte
Conestogo,clw,2017-07-25,2,P2255,Selenastrum copricornutum Printz,79366,0.85,7.1,1.7,10.7,Chlorophyte
Conestogo,clw,2017-07-25,2,P4351,Small chrysophyceae,119049,0.76,2.3,2.3,6.4,Chrysophyte
Conestogo,clw,2017-07-25,2,P4352,Large chrysophyceae,198415,35.64,7,7,179.6,Chrysophyte
Conestogo,clw,2017-07-25,2,P4355,Chrysochromulina parva Lackey,277781,18.17,5,5,65.4,Chrysophyte
Conestogo,clw,2017-07-25,2,P4357,Chrysococcus sp.,595245,38.93,5,5,65.4,Chrysophyte
Conestogo,clw,2017-07-25,2,P4398,Ochromonas globosa Skuja,357147,53.75,6.6,6.6,150.5,Chrysophyte
Conestogo,clw,2017-07-25,2,P4418,Salpingoeca frequentissima (Zach.) Lemmermann,198415,5.6,5.6,3.1,28.2,Chrysophyte
Conestogo,clw,2017-07-25,2,P5508,Cyclotella pseudostelligera,79366,42.76,7,14,538.8,Diatom
Conestogo,clw,2017-07-25,2,P5523,Synedra ulna (Nitzsch) Ehrenberg,1000,2.45,260,6,2450.4,Diatom
Conestogo,clw,2017-07-25,2,P5524,Asterionella formosa Hassall,12000,1.11,88,2,92.2,Diatom
Conestogo,clw,2017-07-25,2,P5530,Stephanodiscus niagarae Ehrenberg,5000,130.23,25.5,51,26046,Diatom
Conestogo,clw,2017-07-25,2,P5540,Aulacoseira italica v subarctica (O. Muller) Simonsen,17000,245.28,280,8.1,14428.4,Diatom
Conestogo,clw,2017-07-25,2,P5551,Cyclotella michiganiana Skvortzow,277781,6.81,2.5,5,24.5,Diatom
Conestogo,clw,2017-07-25,2,P6554,Rhodomonas minuta Skuja,357147,51.61,11.5,6,144.5,Cryptophyte
Conestogo,clw,2017-07-25,2,P6558,Cryptomonas erosa Ehrenberg,7000,12.74,26.6,14,1819.9,Cryptophyte
Conestogo,clw,2017-07-25,2,P6568,Katablepharis ovalis Skuja,515879,26.62,8.6,4,51.6,Cryptophyte
Conestogo,clw,2017-07-25,2,P7644,Ceratium hirundinella (Muller) Schrank,14000,703.72,60,40,50265.5,Dinoflagellate
Conestogo,cle,2017-07-31,2,P1041,Aphanizomenon flos-aquae Ralfs and Born.,2505000,7937.34,240,4.1,3168.6,Cyanophyte
Conestogo,cle,2017-07-31,2,P1076,Woronichinia compacta (Lemmermann) Komarek and Hindak,51000,196.35,0,0,3850,Cyanophyte
Conestogo,cle,2017-07-31,2,P1205,Heterocycts (Aphanizomenon flos-aquae),263000,18.7,7.7,4.2,71.1,Cyanophyte
Conestogo,cle,2017-07-31,2,P1211,Aphanizomenon Akinetes,20000,3.34,19,4.1,167.2,Cyanophyte
Conestogo,cle,2017-07-31,2,P2101,Carteria spp.,357147,248.9,11,11,696.9,Chlorophyte
Conestogo,cle,2017-07-31,2,P2105,Chlamydomonas spp.,396830,26.59,8,4,67,Chlorophyte
Conestogo,cle,2017-07-31,2,P2113,Pediastrum duplex Meyen,1000,2.6,0,0,2600,Chlorophyte
Conestogo,cle,2017-07-31,2,P2132,Scenedesmus denticulatus Lagerhiem,238098,16.1,10,4.4,67.6,Chlorophyte
Conestogo,cle,2017-07-31,2,P2136,Dictyosphaerium pulchellum Wood,595245,67.32,6,6,113.1,Chlorophyte
Conestogo,cle,2017-07-31,2,P2174,Closterium sp.,1000,0.54,86,4,540.4,Chlorophyte
Conestogo,cle,2017-07-31,2,P2178,Cosmarium sp.,1000,1.4,20,20,1396.3,Chlorophyte
Conestogo,cle,2017-07-31,2,P2204,Ankyra judai (G.M. Smith) Fott,158732,10.17,15,3.3,64.1,Chlorophyte
Conestogo,cle,2017-07-31,2,P4351,Small chrysophyceae,515879,9.7,3.3,3.3,18.8,Chrysophyte
Conestogo,cle,2017-07-31,2,P4352,Large chrysophyceae,39683,7.13,7,7,179.6,Chrysophyte
Conestogo,cle,2017-07-31,2,P4388,Dinobryon sertularia Ehrenberg,79366,17.95,12,6,226.2,Chrysophyte
Conestogo,cle,2017-07-31,2,P4398,Ochromonas globosa Skuja,1190490,204.76,6.9,6.9,172,Chrysophyte
Conestogo,cle,2017-07-31,2,P4418,Salpingoeca frequentissima (Zach.) Lemmermann,79366,2.71,6,3.3,34.2,Chrysophyte
Conestogo,cle,2017-07-31,2,P5507,Cyclotella stelligera Cleve and Grunow,4000,7.38,10.55,21.1,1844.5,Diatom
Conestogo,cle,2017-07-31,2,P5508,Cyclotella pseudostelligera,396830,109.49,5.6,11.2,275.9,Diatom
Conestogo,cle,2017-07-31,2,P5515,Fragilaria crotonensis Kitton,6000,1.76,70,4,293.2,Diatom
Conestogo,cle,2017-07-31,2,P5530,Stephanodiscus niagarae Ehrenberg,21000,401.35,23,46,19111.9,Diatom
Conestogo,cle,2017-07-31,2,P5540,Aulacoseira italica v subarctica (O. Muller) Simonsen,1000,11.08,215,8.1,11078.9,Diatom
Conestogo,cle,2017-07-31,2,P5551,Cyclotella michiganiana Skvortzow,198415,4.86,2.5,5,24.5,Diatom
Conestogo,cle,2017-07-31,2,P6554,Rhodomonas minuta Skuja,833343,96.83,11,5.5,116.2,Cryptophyte
Conestogo,cle,2017-07-31,2,P6558,Cryptomonas erosa Ehrenberg,11000,18.81,25,14,1710.4,Cryptophyte
Conestogo,cle,2017-07-31,2,P6568,Katablepharis ovalis Skuja,1111124,70.67,9.1,4.4,63.6,Cryptophyte
Conestogo,cle,2017-07-31,2,P7632,Gymnodinium sp.,3000,46.8,31,31,15598.5,Dinoflagellate
Conestogo,cle,2017-07-31,2,P7644,Ceratium hirundenella (Muller) Schrank,24000,1206.37,60,40,50265.5,Dinoflagellate
Conestogo,clw,2017-07-31,2,P1041,Aphanizomenon flos-aquae Ralfs and Born.,630000,2454.23,310,4,3895.6,Cyanophyte
Conestogo,clw,2017-07-31,2,P1076,Woronichinia compacta (Lemmermann) Komarek and Hindak,28000,110.6,0,0,3950,Cyanophyte
Conestogo,clw,2017-07-31,2,P1133,Anabaena flos-aquae (Lyngb.) Breb. & Bornet,2000,9.14,220,6.3,4572,Cyanophyte
Conestogo,clw,2017-07-31,2,P1204,Heterocycts (Anabaena flos-aquae),1000,0.13,6.3,6.3,130.9,Cyanophyte
Conestogo,clw,2017-07-31,2,P1205,Heterocycts (Aphanizomenon flos-aquae),47000,2.36,5.7,4.1,50.2,Cyanophyte
Conestogo,clw,2017-07-31,2,P2105,Chlamydomonas spp.,119049,5.99,6,4,50.3,Chlorophyte
Conestogo,clw,2017-07-31,2,P2113,Pediastrum duplex Meyen,2000,6.26,0,0,3130,Chlorophyte
Conestogo,clw,2017-07-31,2,P2126,Chodatella sp.,277781,7.72,5.9,3,27.8,Chlorophyte
Conestogo,clw,2017-07-31,2,P2136,Dictyosphaerium pulchellum Wood,1111124,125.67,6,6,113.1,Chlorophyte
Conestogo,clw,2017-07-31,2,P2174,Closterium sp.,1000,0.48,76,4,477.5,Chlorophyte
Conestogo,clw,2017-07-31,2,P2204,Ankyra judayi (G.M. Smith) Fott,79366,8.43,16.9,4,106.2,Chlorophyte
Conestogo,clw,2017-07-31,2,P3301,Euglena acus Ehrenberg,1000,7.24,96,12,7238.2,Euglenophyte
Conestogo,clw,2017-07-31,2,P4351,Small chrysophyceae,396830,2.86,2.4,2.4,7.2,Chrysophyte
Conestogo,clw,2017-07-31,2,P4352,Large chrysophyceae,714294,128.29,7,7,179.6,Chrysophyte
Conestogo,clw,2017-07-31,2,P4357,Chrysococcus sp.,1785735,110,4.9,4.9,61.6,Chrysophyte
Conestogo,clw,2017-07-31,2,P4401,Uroglena volvox Ehrenberg,119049,15.58,6.3,6.3,130.9,Chrysophyte
Conestogo,clw,2017-07-31,2,P4418,Salpingoeca frequentissima (Zach.) Lemmermann,238098,7.19,6,3.1,30.2,Chrysophyte
Conestogo,clw,2017-07-31,2,P5515,Fragilaria crotonensis Kitton,1000,0.3,72,4,301.6,Diatom
Conestogo,clw,2017-07-31,2,P5524,Asterionella formosa Hassall,16000,1.49,89,2,93.2,Diatom
Conestogo,clw,2017-07-31,2,P5530,Stephanodiscus niagarae Ehrenberg,5000,130.23,25.5,51,26046,Diatom
Conestogo,clw,2017-07-31,2,P5540,Aulacoseira italica v subarctica (O. Muller) Simonsen,13000,192.97,336,7.5,14844,Diatom
Conestogo,clw,2017-07-31,2,P5551,Cyclotella michiganiana Skvortzow,476196,11.67,2.5,5,24.5,Diatom
Conestogo,clw,2017-07-31,2,P6554,Rhodomonas minuta Skuja,3650836,504.55,11,6,138.2,Cryptophyte
Conestogo,clw,2017-07-31,2,P6558,Cryptomonas erosa Ehrenberg,5000,8.89,26,14,1778.8,Cryptophyte
Conestogo,clw,2017-07-31,2,P6568,Katablepharis ovalis Skuja,1627003,65.57,7.6,4,40.3,Cryptophyte
Conestogo,clw,2017-07-31,2,P7644,Ceratium hirundinella (Muller) Schrank,9000,452.39,60,40,50265.5,Dinoflagellate
Conestogo,clc,2017-08-01,2,P1041,Aphanizomenon flos-aquae Ralfs and Born.,978000,4131.85,320,4.1,4224.8,Cyanophyte
Conestogo,clc,2017-08-01,2,P1076,Woronichinia compacta (Lemmermann) Komarek and Hindak,34000,132.6,0,0,3900,Cyanophyte
Conestogo,clc,2017-08-01,2,P1205,Heterocycts (Aphanizomenon flos-aquae),143000,9.94,7.9,4.1,69.5,Cyanophyte
Conestogo,clc,2017-08-01,2,P1211,Aphanizomenon Akinetes,2000,0.37,22.3,4,186.8,Cyanophyte
Conestogo,clc,2017-08-01,2,P2101,Carteria spp.,39683,3.63,7,5,91.6,Chlorophyte
Conestogo,clc,2017-08-01,2,P2105,Chlamydomonas spp.,515879,77.79,8,6,150.8,Chlorophyte
Conestogo,clc,2017-08-01,2,P2112,Sphaerocystis schroeteri Chodat,79366,1.24,3.1,3.1,15.6,Chlorophyte
Conestogo,clc,2017-08-01,2,P2113,Pediastrum duplex Meyen,1000,2.78,0,0,2775,Chlorophyte
Conestogo,clc,2017-08-01,2,P2193,Staurodesmus paradoxum Meyen,1000,4.45,31.3,26,4445.7,Chlorophyte
Conestogo,clc,2017-08-01,2,P2204,Ankyra judai (G.M. Smith) Fott,79366,4.19,14,3.1,52.8,Chlorophyte
Conestogo,clc,2017-08-01,2,P2255,Selenastrum copricornutum Printz,39683,0.67,8.1,2,17,Chlorophyte
Conestogo,clc,2017-08-01,2,P4351,Small chrysophyceae,1944467,20.03,2.7,2.7,10.3,Chrysophyte
Conestogo,clc,2017-08-01,2,P4352,Large chrysophyceae,158732,28.51,7,7,179.6,Chrysophyte
Conestogo,clc,2017-08-01,2,P4355,Chrysochromulina parva Lackey,39683,2.6,5,5,65.4,Chrysophyte
Conestogo,clc,2017-08-01,2,P4357,Chrysococcus sp.,396830,24.44,4.9,4.9,61.6,Chrysophyte
Conestogo,clc,2017-08-01,2,P4398,Ochromonas globosa Skuja,396830,65.32,6.8,6.8,164.6,Chrysophyte
Conestogo,clc,2017-08-01,2,P4418,Salpingoeca frequentissima (Zach.) Lemmermann,277781,8.94,6,3.2,32.2,Chrysophyte
Conestogo,clc,2017-08-01,2,P5507,Cyclotella stelligera Cleve and Grunow,1000,1.82,10.5,21,1818.4,Diatom
Conestogo,clc,2017-08-01,2,P5515,Fragilaria crotonensis Kitton,1000,0.3,71.6,4,299.9,Diatom
Conestogo,clc,2017-08-01,2,P5524,Asterionella formosa Hassall,8000,0.7,84,2,88,Diatom
Conestogo,clc,2017-08-01,2,P5530,Stephanodiscus niagarae Ehrenberg,1000,16.73,22,44,16725.8,Diatom
Conestogo,clc,2017-08-01,2,P5540,Aulacoseira italica v subarctica (O. Muller) Simonsen,6000,154.91,455,8.5,25819,Diatom
Conestogo,clc,2017-08-01,2,P6554,Rhodomonas minuta Skuja,2619078,421.15,12.8,6,160.8,Cryptophyte
Conestogo,clc,2017-08-01,2,P6558,Cryptomonas erosa Ehrenberg,261000,464.27,26,14,1778.8,Cryptophyte
Conestogo,clc,2017-08-01,2,P6562,Cryptomonas reflexa (Marsson) Skuja,3000,2.03,19.4,10,677.2,Cryptophyte
Conestogo,clc,2017-08-01,2,P6565,Cryptomonas rostratiformis Skuja,12000,38.6,36,16,3217,Cryptophyte
Conestogo,clc,2017-08-01,2,P6568,Katablepharis ovalis Skuja,753977,46.9,9,4.4,62.2,Cryptophyte
Conestogo,clc,2017-08-01,2,P7632,Gymnodinium sp.,1000,13.44,29.5,29.5,13442,Dinoflagellate
Conestogo,clc,2017-08-01,2,P7644,Ceratium hirundenella (Muller) Schrank,20000,1053.9,62.9,40,52695,Dinoflagellate
Conestogo,clc,2017-08-01,7,P1041,Aphanizomenon flos-aquae Ralfs and Born.,86000,324.21,300,4,3769.9,Cyanophyte
Conestogo,clc,2017-08-01,7,P1076,Woronichinia compacta (Lemmermann) Komarek and Hindak,9000,25.2,0,0,2800,Cyanophyte
Conestogo,clc,2017-08-01,7,P1205,Heterocycts (Aphanizomenon flos-aquae),11000,0.75,7.7,4.1,67.8,Cyanophyte
Conestogo,clc,2017-08-01,7,P2101,Carteria spp.,158732,16.62,8,5,104.7,Chlorophyte
Conestogo,clc,2017-08-01,7,P2204,Ankyra judai (G.M. Smith) Fott,39683,4.45,17,4.1,112.2,Chlorophyte
Conestogo,clc,2017-08-01,7,P4351,Small chrysophyceae,1785735,25.18,3,3,14.1,Chrysophyte
Conestogo,clc,2017-08-01,7,P4352,Large chrysophyceae,39683,7.13,7,7,179.6,Chrysophyte
Conestogo,clc,2017-08-01,7,P4357,Chrysococcus sp.,277781,10.78,4.2,4.2,38.8,Chrysophyte
Conestogo,clc,2017-08-01,7,P4398,Ochromonas globosa Skuja,753977,113.47,6.6,6.6,150.5,Chrysophyte
Conestogo,clc,2017-08-01,7,P4418,Salpingoeca frequentissima (Zach.) Lemmermann,277781,8.19,5.5,3.2,29.5,Chrysophyte
Conestogo,clc,2017-08-01,7,P5507,Cyclotella stelligera Cleve and Grunow,1000,1.57,10,20,1570.8,Diatom
Conestogo,clc,2017-08-01,7,P5524,Asterionella formosa Hassall,8000,0.69,82,2,85.9,Diatom
Conestogo,clc,2017-08-01,7,P5530,Stephanodiscus niagarae Ehrenberg,7000,133.78,23,46,19111.9,Diatom
Conestogo,clc,2017-08-01,7,P5540,Aulacoseira italica v subarctica (O. Muller) Simonsen,5000,112.27,415,8.3,22454,Diatom
Conestogo,clc,2017-08-01,7,P6554,Rhodomonas minuta Skuja,39683,6.23,12.5,6,157.1,Cryptophyte
Conestogo,clc,2017-08-01,7,P6558,Cryptomonas erosa Ehrenberg,25000,45.5,26.6,14,1819.9,Cryptophyte
Conestogo,clc,2017-08-01,7,P6565,Cryptomonas rostratiformis Skuja,2000,6.43,36,16,3217,Cryptophyte
Conestogo,clc,2017-08-01,7,P6568,Katablepharis ovalis Skuja,436513,27.11,9.1,4.3,62.1,Cryptophyte
Conestogo,clc,2017-08-01,7,P7639,Peridinium pusillum (Penard) Lemmermann,1000,3.54,18.9,18.9,3535,Dinoflagellate
Conestogo,clc,2017-08-01,7,P7644,Ceratium hirundenella (Muller) Schrank,1000,51.1,61,40,51103.2,Dinoflagellate
Conestogo,clc,2017-08-10,2,P1041,Aphanizomenon flos-aquae Ralfs and Born.,978000,3809.9,310,4,3895.6,Cyanophyte
Conestogo,clc,2017-08-10,2,P1076,Woronichinia compacta (Lemmermann) Komarek and Hindak,42000,117.6,0,0,2800,Cyanophyte
Conestogo,clc,2017-08-10,2,P1205,Heterocycts (Aphanizomenon flos-aquae),91000,5.49,7.2,4,60.3,Cyanophyte
Conestogo,clc,2017-08-10,2,P2101,Carteria spp.,79366,8.31,8,5,104.7,Chlorophyte
Conestogo,clc,2017-08-10,2,P2105,Chlamydomonas spp.,396830,59.84,8,6,150.8,Chlorophyte
Conestogo,clc,2017-08-10,2,P2112,Sphaerocystis schroeteri Chodat,634928,14.22,3.5,3.5,22.4,Chlorophyte
Conestogo,clc,2017-08-10,2,P2126,Chodatella sp.,39683,2,6,4,50.3,Chlorophyte
Conestogo,clc,2017-08-10,2,P2132,Scenedesmus denticulatus Lagerhiem,158732,7.62,8.6,4,48,Chlorophyte
Conestogo,clc,2017-08-10,2,P2141,Monoraphidium contortum (Thur.) Komarkova-Legnerova,39683,0.67,19,1.5,16.8,Chlorophyte
Conestogo,clc,2017-08-10,2,P2174,Closterium sp.,4000,1.94,77,4,483.8,Chlorophyte
Conestogo,clc,2017-08-10,2,P2204,Ankyra judai (G.M. Smith) Fott,119049,2.88,14,2.1,24.2,Chlorophyte
Conestogo,clc,2017-08-10,2,P3301,Euglena acus Ehrenberg,2000,9.34,91,9.9,4669.9,Euglenophyte
Conestogo,clc,2017-08-10,2,P4351,Small chrysophyceae,1507954,13.87,2.6,2.6,9.2,Chrysophyte
Conestogo,clc,2017-08-10,2,P4352,Large chrysophyceae,39683,7.13,7,7,179.6,Chrysophyte
Conestogo,clc,2017-08-10,2,P4357,Chrysococcus sp.,198415,12.98,5,5,65.4,Chrysophyte
Conestogo,clc,2017-08-10,2,P4363,Spiniferomonas sirrata***************,158732,20.78,6.3,6.3,130.9,Chrysophyte
Conestogo,clc,2017-08-10,2,P4368,Mallomonas crassisquama (Asmund) Fott,8000,8.5,20.3,10,1062.9,Chrysophyte
Conestogo,clc,2017-08-10,2,P4398,Ochromonas globosa Skuja,833343,143.34,6.9,6.9,172,Chrysophyte
Conestogo,clc,2017-08-10,2,P4418,Salpingoeca frequentissima (Zach.) Lemmermann,793660,27.14,6,3.3,34.2,Chrysophyte
Conestogo,clc,2017-08-10,2,P5508,Cyclotella pseudostelligera,119049,31.11,5.5,11,261.3,Diatom
Conestogo,clc,2017-08-10,2,P5515,Fragilaria crotonensis Kitton,7000,2.16,73.6,4,308.3,Diatom
Conestogo,clc,2017-08-10,2,P5524,Asterionella formosa Hassall,47000,3.94,80,2,83.8,Diatom
Conestogo,clc,2017-08-10,2,P5530,Stephanodiscus niagarae Ehrenberg,3000,48.82,21.8,43.6,16273.8,Diatom
Conestogo,clc,2017-08-10,2,P5540,Aulacoseira italica v subarctica (O. Muller) Simonsen,26000,527.53,375,8.3,20289.8,Diatom
Conestogo,clc,2017-08-10,2,P5551,Cyclotella michiganiana Skvortzow,357147,9.29,2.55,5.1,26,Diatom
Conestogo,clc,2017-08-10,2,P6554,Rhodomonas minuta Skuja,3968300,633.34,12.7,6,159.6,Cryptophyte
Conestogo,clc,2017-08-10,2,P6558,Cryptomonas erosa Ehrenberg,535000,918.76,25.1,14,1717.3,Cryptophyte
Conestogo,clc,2017-08-10,2,P6562,Cryptomonas reflexa (Marsson) Skuja,2000,1.48,21.2,10,740,Cryptophyte
Conestogo,clc,2017-08-10,2,P6565,Cryptomonas rostratiformis Skuja,55000,168.58,34.3,16,3065.1,Cryptophyte
Conestogo,clc,2017-08-10,2,P6568,Katablepharis ovalis Skuja,634928,37.71,9,4.2,59.4,Cryptophyte
Conestogo,clc,2017-08-10,2,P7632,Gymnodinium sp.,1000,15.6,31,31,15598.5,Dinoflagellate
Conestogo,clc,2017-08-10,2,P7639,Peridinium pusillum (Penard) Lemmermann,2000,7.3,19.1,19.1,3648.4,Dinoflagellate
Conestogo,clc,2017-08-10,2,P7644,Ceratium hirundenella (Muller) Schrank,12000,613.24,61,40,51103.2,Dinoflagellate
Conestogo,clc,2017-08-10,7,P1041,Aphanizomenon flos-aquae Ralfs and Born.,196000,541.86,220,4,2764.6,Cyanophyte
Conestogo,clc,2017-08-10,7,P1076,Woronichinia compacta (Lemmermann) Komarek and Hindak,19000,58.9,0,0,3100,Cyanophyte
Conestogo,clc,2017-08-10,7,P1205,Heterocycts (Aphanizomenon flos-aquae),21000,1.27,6.9,4.1,60.7,Cyanophyte
Conestogo,clc,2017-08-10,7,P1211,Aphanizomenon Akinetes,4000,0.97,29,4,242.9,Cyanophyte
Conestogo,clc,2017-08-10,7,P2101,Carteria spp.,79366,44.1,10.2,10.2,555.6,Chlorophyte
Conestogo,clc,2017-08-10,7,P2105,Chlamydomonas spp.,198415,29.92,8,6,150.8,Chlorophyte
Conestogo,clc,2017-08-10,7,P2112,Sphaerocystis schroeteri Chodat,238098,3.71,3.1,3.1,15.6,Chlorophyte
Conestogo,clc,2017-08-10,7,P2130,Scenedesmus quadricauda (Turp.) Brebisson,158732,6.83,7.7,4,43,Chlorophyte
Conestogo,clc,2017-08-10,7,P2136,Dictyosphaerium pulchellum Wood,158732,8.1,4.6,4.6,51,Chlorophyte
Conestogo,clc,2017-08-10,7,P2174,Closterium sp.,2000,1.08,86,4,540.4,Chlorophyte
Conestogo,clc,2017-08-10,7,P2178,Cosmarium sp.,1000,1.4,20,20,1396.3,Chlorophyte
Conestogo,clc,2017-08-10,7,P2193,Staurodesmus paradoxum Meyen,1000,4.03,31,24,4025.4,Chlorophyte
Conestogo,clc,2017-08-10,7,P2204,Ankyra judai (G.M. Smith) Fott,39683,0.96,14,2.1,24.2,Chlorophyte
Conestogo,clc,2017-08-10,7,P4351,Small chrysophyceae,1150807,17.95,3.1,3.1,15.6,Chrysophyte
Conestogo,clc,2017-08-10,7,P4352,Large chrysophyceae,357147,64.14,7,7,179.6,Chrysophyte
Conestogo,clc,2017-08-10,7,P4357,Chrysococcus sp.,714294,36.43,4.6,4.6,51,Chrysophyte
Conestogo,clc,2017-08-10,7,P4368,Mallomonas crassisquama (Asmund) Fott,3000,3.08,19.6,10,1026.3,Chrysophyte
Conestogo,clc,2017-08-10,7,P4398,Ochromonas globosa Skuja,952392,143.34,6.6,6.6,150.5,Chrysophyte
Conestogo,clc,2017-08-10,7,P4418,Salpingoeca frequentissima (Zach.) Lemmermann,357147,11.5,6,3.2,32.2,Chrysophyte
Conestogo,clc,2017-08-10,7,P5508,Cyclotella pseudostelligera,79366,16.06,5.05,10.1,202.3,Diatom
Conestogo,clc,2017-08-10,7,P5515,Fragilaria crotonensis Kitton,2000,0.59,70,4,293.2,Diatom
Conestogo,clc,2017-08-10,7,P5524,Asterionella formosa Hassall,29000,2.46,81,2,84.8,Diatom
Conestogo,clc,2017-08-10,7,P5530,Stephanodiscus niagarae Ehrenberg,6000,100.35,22,44,16725.8,Diatom
Conestogo,clc,2017-08-10,7,P5540,Aulacoseira italica v subarctica (O. Muller) Simonsen,6000,111.3,360,8.1,18550.8,Diatom
Conestogo,clc,2017-08-10,7,P5551,Cyclotella michiganiana Skvortzow,79366,1.94,2.5,5,24.5,Diatom
Conestogo,clc,2017-08-10,7,P6554,Rhodomonas minuta Skuja,277781,42.58,12.2,6,153.3,Cryptophyte
Conestogo,clc,2017-08-10,7,P6558,Cryptomonas erosa Ehrenberg,121000,216.89,26.2,14,1792.5,Cryptophyte
Conestogo,clc,2017-08-10,7,P6562,Cryptomonas reflexa (Marsson) Skuja,1000,0.7,20,10,698.1,Cryptophyte
Conestogo,clc,2017-08-10,7,P6565,Cryptomonas rostratiformis Skuja,9000,28.95,36,16,3217,Cryptophyte
Conestogo,clc,2017-08-10,7,P6568,Katablepharis ovalis Skuja,753977,42.83,8.6,4.4,56.8,Cryptophyte
Conestogo,clc,2017-08-10,7,P7639,Peridinium pusillum (Penard) Lemmermann,2000,7.07,18.9,18.9,3535,Dinoflagellate
Conestogo,clc,2017-08-10,7,P7644,Ceratium hirundenella (Muller) Schrank,1000,52.78,63,40,52778.8,Dinoflagellate
Conestogo,cle,2017-08-10,2,P1041,Aphanizomenon flos-aquae Ralfs and Born.,675000,1866.11,220,4,2764.6,Cyanophyte
Conestogo,cle,2017-08-10,2,P1076,Woronichinia compacta (Lemmermann) Komarek and Hindak,102000,316.2,0,0,3100,Cyanophyte
Conestogo,cle,2017-08-10,2,P1205,Heterocycts (Aphanizomenon flos-aquae),83000,5.37,7,4.2,64.7,Cyanophyte
Conestogo,cle,2017-08-10,2,P1211,Aphanizomenon Akinetes,15000,2.38,18,4.1,158.4,Cyanophyte
Conestogo,cle,2017-08-10,2,P2101,Carteria spp.,39683,28.42,11.1,11.1,716.1,Chlorophyte
Conestogo,cle,2017-08-10,2,P2105,Chlamydomonas spp.,1071441,161.57,8,6,150.8,Chlorophyte
Conestogo,cle,2017-08-10,2,P2130,Scenedesmus quadricauda (Turp.) Brebisson,317464,10.76,7.5,3.6,33.9,Chlorophyte
Conestogo,cle,2017-08-10,2,P2132,Scenedesmus denticulatus Lagerhiem,317464,14.35,8.1,4,45.2,Chlorophyte
Conestogo,cle,2017-08-10,2,P2136,Dictyosphaerium pulchellum Wood,476196,53.86,6,6,113.1,Chlorophyte
Conestogo,cle,2017-08-10,2,P2204,Ankyra judai (G.M. Smith) Fott,238098,6.33,14,2.2,26.6,Chlorophyte
Conestogo,cle,2017-08-10,2,P2235,Ankistrodesmus spiralis Lemmermann,158732,8.52,31,2.1,53.7,Chlorophyte
Conestogo,cle,2017-08-10,2,P2238,Eudorina sp.,3000,6.53,0,0,2175,Chlorophyte
Conestogo,cle,2017-08-10,2,P2255,Selenastrum copricornutum Printz,39683,0.42,7,1.7,10.6,Chlorophyte
Conestogo,cle,2017-08-10,2,P3301,Euglena acus Ehrenberg,1000,3.98,86,9.4,3978.8,Euglenophyte
Conestogo,cle,2017-08-10,2,P4351,Small chrysophyceae,317464,4.95,3.1,3.1,15.6,Chrysophyte
Conestogo,cle,2017-08-10,2,P4352,Large chrysophyceae,39683,7.13,7,7,179.6,Chrysophyte
Conestogo,cle,2017-08-10,2,P4357,Chrysococcus sp.,277781,14.17,4.6,4.6,51,Chrysophyte
Conestogo,cle,2017-08-10,2,P4398,Ochromonas globosa Skuja,1071441,133.72,6.2,6.2,124.8,Chrysophyte
Conestogo,cle,2017-08-10,2,P4418,Salpingoeca frequentissima (Zach.) Lemmermann,79366,2.71,6,3.3,34.2,Chrysophyte
Conestogo,cle,2017-08-10,2,P5507,Cyclotella stelligera Cleve and Grunow,1000,1.57,10,20,1570.8,Diatom
Conestogo,cle,2017-08-10,2,P5508,Cyclotella pseudostelligera,1309539,351.61,5.55,11.1,268.5,Diatom
Conestogo,cle,2017-08-10,2,P5515,Fragilaria crotonensis Kitton,2000,0.58,69,4,289,Diatom
Conestogo,cle,2017-08-10,2,P5524,Asterionella formosa Hassall,22000,2.3,100,2,104.7,Diatom
Conestogo,cle,2017-08-10,2,P5530,Stephanodiscus niagarae Ehrenberg,16000,226.17,20.8,41.6,14135.5,Diatom
Conestogo,cle,2017-08-10,2,P5540,Aulacoseira italica v subarctica (O. Muller) Simonsen,32000,178.45,163,6.6,5576.5,Diatom
Conestogo,cle,2017-08-10,2,P5551,Cyclotella michiganiana Skvortzow,753977,14.4,2.3,4.6,19.1,Diatom
Conestogo,cle,2017-08-10,2,P6554,Rhodomonas minuta Skuja,674611,67.39,11,5.1,99.9,Cryptophyte
Conestogo,cle,2017-08-10,2,P6558,Cryptomonas erosa Ehrenberg,4000,6.46,23.6,14,1614.6,Cryptophyte
Conestogo,cle,2017-08-10,2,P6568,Katablepharis ovalis Skuja,476196,29.62,9,4.4,62.2,Cryptophyte
Conestogo,cle,2017-08-10,2,P7632,Gymnodinium sp.,2000,12.74,23,23,6370.6,Dinoflagellate
Conestogo,cle,2017-08-10,2,P7644,Ceratium hirundenella (Muller) Schrank,17000,911.48,64,40,53616.5,Dinoflagellate
Conestogo,clw,2017-08-10,2,P1041,Aphanizomenon flos-aquae Ralfs and Born.,810000,2442.88,240,4,3015.9,Cyanophyte
Conestogo,clw,2017-08-10,2,P1076,Woronichinia compacta (Lemmermann) Komarek and Hindak,23000,94.88,0,0,4125,Cyanophyte
Conestogo,clw,2017-08-10,2,P1077,Pseudanabaena sp.,39683,4.49,36,2,113.1,Cyanophyte
Conestogo,clw,2017-08-10,2,P1205,Heterocycts (Aphanizomenon flos-aquae),146000,7.42,5.5,4.2,50.8,Cyanophyte
Conestogo,clw,2017-08-10,2,P2105,Chlamydomonas spp.,436513,29.25,8,4,67,Chlorophyte
Conestogo,clw,2017-08-10,2,P2112,Sphaerocystis schroeteri Chodat,238098,9.9,4.3,4.3,41.6,Chlorophyte
Conestogo,clw,2017-08-10,2,P2113,Pediastrum duplex Meyen,3000,9.53,0,0,3175,Chlorophyte
Conestogo,clw,2017-08-10,2,P2121,Oocystis lacustris Chodat,396830,19.96,6,4,50.3,Chlorophyte
Conestogo,clw,2017-08-10,2,P2126,Chodatella sp.,39683,1.05,5.6,3,26.4,Chlorophyte
Conestogo,clw,2017-08-10,2,P2143,Monoraphidium minutum (Nag.) Komarkova-Legnerova,39683,2.24,9,4,56.5,Chlorophyte
Conestogo,clw,2017-08-10,2,P2174,Closterium sp.,2000,2.52,89,6,1258.2,Chlorophyte
Conestogo,clw,2017-08-10,2,P2193,Staurodesmus paradoxum Meyen,1000,3.82,29,26,3816.3,Chlorophyte
Conestogo,clw,2017-08-10,2,P2204,Ankyra judayi (G.M. Smith) Fott,158732,13.97,14,4,88,Chlorophyte
Conestogo,clw,2017-08-10,2,P2222,Treubaria sp.,79366,1.12,3,3,14.1,Chlorophyte
Conestogo,clw,2017-08-10,2,P3301,Euglena acus Ehrenberg,2000,12.97,86,12,6484.2,Euglenophyte
Conestogo,clw,2017-08-10,2,P4351,Small chrysophyceae,555562,7.83,3,3,14.1,Chrysophyte
Conestogo,clw,2017-08-10,2,P4352,Large chrysophyceae,357147,64.14,7,7,179.6,Chrysophyte
Conestogo,clw,2017-08-10,2,P4355,Chrysochromulina parva Lackey,158732,10.38,5,5,65.4,Chrysophyte
Conestogo,clw,2017-08-10,2,P4357,Chrysococcus sp.,1507954,98.62,5,5,65.4,Chrysophyte
Conestogo,clw,2017-08-10,2,P4368,Mallomonas crassisquama (Asmund) Fott,1000,1.05,20,10,1047.2,Chrysophyte
Conestogo,clw,2017-08-10,2,P4388,Dinobryon sertularia Ehrenberg,39683,8.98,12,6,226.2,Chrysophyte
Conestogo,clw,2017-08-10,2,P4398,Ochromonas globosa Skuja,515879,64.38,6.2,6.2,124.8,Chrysophyte
Conestogo,clw,2017-08-10,2,P4418,Salpingoeca frequentissima (Zach.) Lemmermann,277781,8.33,5.6,3.2,30,Chrysophyte
Conestogo,clw,2017-08-10,2,P5509,Cyclotella ocellata Pant.,79366,6.84,3.8,7.6,86.2,Diatom
Conestogo,clw,2017-08-10,2,P5515,Fragilaria crotonensis Kitton,10000,2.97,71,4,297.4,Diatom
Conestogo,clw,2017-08-10,2,P5524,Asterionella formosa Hassall,17000,1.58,89,2,93.2,Diatom
Conestogo,clw,2017-08-10,2,P5530,Stephanodiscus niagarae Ehrenberg,3000,87.7,26.5,53,29231.9,Diatom
Conestogo,clw,2017-08-10,2,P5540,Aulacoseira italica v subarctica (O. Muller) Simonsen,18000,228.05,320,7.1,12669.4,Diatom
Conestogo,clw,2017-08-10,2,P5551,Cyclotella michiganiana Skvortzow,1706369,41.81,2.5,5,24.5,Diatom
Conestogo,clw,2017-08-10,2,P6554,Rhodomonas minuta Skuja,833343,120.42,11.5,6,144.5,Cryptophyte
Conestogo,clw,2017-08-10,2,P6558,Cryptomonas erosa Ehrenberg,17000,29.43,25.3,14,1730.9,Cryptophyte
Conestogo,clw,2017-08-10,2,P6565,Cryptomonas rostratiformis Skuja,2000,6.43,36,16,3217,Cryptophyte
Conestogo,clw,2017-08-10,2,P6568,Katablepharis ovalis Skuja,1190490,54.52,8.1,4,45.8,Cryptophyte
Conestogo,clw,2017-08-10,2,P7632,Gymnodinium sp.,1000,14.14,30,30,14137.2,Dinoflagellate
Conestogo,clw,2017-08-10,2,P7639,Peridinium pusillum (Penard) Lemmermann,3000,11.47,19.4,19.4,3823,Dinoflagellate
Conestogo,clw,2017-08-10,2,P7644,Ceratium hirundinella (Muller) Schrank,7000,351.86,60,40,50265.5,Dinoflagellate
Conestogo,clc,2017-08-17,2,P1041,Aphanizomenon flos-aquae Ralfs and Born.,206000,569.51,220,4,2764.6,Cyanophyte
Conestogo,clc,2017-08-17,2,P1054,Planktolyngbya limnetica,2000,0.91,341,1.3,452.6,Cyanophyte
Conestogo,clc,2017-08-17,2,P1076,Woronichinia compacta (Lemmermann) Komarek and Hindak,33000,108.9,0,0,3300,Cyanophyte
Conestogo,clc,2017-08-17,2,P1205,Heterocycts (Aphanizomenon flos-aquae),10000,0.62,7,4.1,61.6,Cyanophyte
Conestogo,clc,2017-08-17,2,P1211,Aphanizomenon Akinetes,10000,2.19,26.1,4,218.7,Cyanophyte
Conestogo,clc,2017-08-17,2,P2105,Chlamydomonas spp.,158732,23.94,8,6,150.8,Chlorophyte
Conestogo,clc,2017-08-17,2,P2112,Sphaerocystis schroeteri Chodat,436513,5.59,2.9,2.9,12.8,Chlorophyte
Conestogo,clc,2017-08-17,2,P2113,Pediastrum duplex Meyen,1000,3.25,0,0,3250,Chlorophyte
Conestogo,clc,2017-08-17,2,P2132,Scenedesmus denticulatus Lagerhiem,158732,7.1,8,4,44.7,Chlorophyte
Conestogo,clc,2017-08-17,2,P2141,Monoraphidium contortum (Thur.) Komarkova-Legnerova,39683,0.7,20,1.5,17.7,Chlorophyte
Conestogo,clc,2017-08-17,2,P2145,Crucigenia quadrata Morr.,317464,1.49,3,3,4.7,Chlorophyte
Conestogo,clc,2017-08-17,2,P2174,Closterium sp.,1000,0.75,90,4.6,747.9,Chlorophyte
Conestogo,clc,2017-08-17,2,P2193,Staurodesmus paradoxum Meyen,1000,3.66,28.4,26,3660.1,Chlorophyte
Conestogo,clc,2017-08-17,2,P2204,Ankyra judai (G.M. Smith) Fott,79366,2.06,15,2.1,26,Chlorophyte
Conestogo,clc,2017-08-17,2,P2222,Treubaria sp.,39683,1.33,4,4,33.5,Chlorophyte
Conestogo,clc,2017-08-17,2,P2255,Selenastrum copricornutum Printz,79366,0.84,7,1.7,10.6,Chlorophyte
Conestogo,clc,2017-08-17,2,P3301,Euglena acus Ehrenberg,3000,7.41,91,7.2,2470,Euglenophyte
Conestogo,clc,2017-08-17,2,P4351,Small chrysophyceae,1111124,10.22,2.6,2.6,9.2,Chrysophyte
Conestogo,clc,2017-08-17,2,P4352,Large chrysophyceae,158732,28.51,7,7,179.6,Chrysophyte
Conestogo,clc,2017-08-17,2,P4355,Chrysochromulina parva Lackey,158732,10.38,5,5,65.4,Chrysophyte
Conestogo,clc,2017-08-17,2,P4357,Chrysococcus sp.,79366,5.19,5,5,65.4,Chrysophyte
Conestogo,clc,2017-08-17,2,P4363,Spiniferomonas sirrata***************,39683,3.65,5.6,5.6,92,Chrysophyte
Conestogo,clc,2017-08-17,2,P4368,Mallomonas crassisquama (Asmund) Fott,3000,3.08,19.6,10,1026.3,Chrysophyte
Conestogo,clc,2017-08-17,2,P4398,Ochromonas globosa Skuja,1627003,203.05,6.2,6.2,124.8,Chrysophyte
Conestogo,clc,2017-08-17,2,P4401,Uroglena volvox Ehrenberg,79366,8.98,6,6,113.1,Chrysophyte
Conestogo,clc,2017-08-17,2,P4418,Salpingoeca frequentissima (Zach.) Lemmermann,793660,20.56,5.5,3,25.9,Chrysophyte
Conestogo,clc,2017-08-17,2,P5508,Cyclotella pseudostelligera,119049,31.11,5.5,11,261.3,Diatom
Conestogo,clc,2017-08-17,2,P5515,Fragilaria crotonensis Kitton,8000,2.39,71.4,4,299.1,Diatom
Conestogo,clc,2017-08-17,2,P5524,Asterionella formosa Hassall,41000,3.39,79,2,82.7,Diatom
Conestogo,clc,2017-08-17,2,P5530,Stephanodiscus niagarae Ehrenberg,3000,50.18,22,44,16725.8,Diatom
Conestogo,clc,2017-08-17,2,P5540,Aulacoseira italica v subarctica (O. Muller) Simonsen,31000,507.51,310,8.2,16371.2,Diatom
Conestogo,clc,2017-08-17,2,P5551,Cyclotella michiganiana Skvortzow,119049,2.27,2.3,4.6,19.1,Diatom
Conestogo,clc,2017-08-17,2,P6554,Rhodomonas minuta Skuja,5119107,829.81,12.9,6,162.1,Cryptophyte
Conestogo,clc,2017-08-17,2,P6558,Cryptomonas erosa Ehrenberg,297000,499.88,24.6,14,1683.1,Cryptophyte
Conestogo,clc,2017-08-17,2,P6565,Cryptomonas rostratiformis Skuja,18000,51.47,32,16,2859.5,Cryptophyte
Conestogo,clc,2017-08-17,2,P6568,Katablepharis ovalis Skuja,2539712,157.97,9,4.4,62.2,Cryptophyte
Conestogo,clc,2017-08-17,2,P7644,Ceratium hirundenella (Muller) Schrank,6000,313.15,62.3,40,52192.3,Dinoflagellate
Conestogo,clc,2017-08-17,7,P1041,Aphanizomenon flos-aquae Ralfs and Born.,43000,118.88,220,4,2764.6,Cyanophyte
Conestogo,clc,2017-08-17,7,P1076,Woronichinia compacta (Lemmermann) Komarek and Hindak,12000,43.8,0,0,3650,Cyanophyte
Conestogo,clc,2017-08-17,7,P1205,Heterocycts (Aphanizomenon flos-aquae),6000,0.37,7,4.1,61.6,Cyanophyte
Conestogo,clc,2017-08-17,7,P1211,Aphanizomenon Akinetes,4000,0.67,19.9,4,166.7,Cyanophyte
Conestogo,clc,2017-08-17,7,P2101,Carteria spp.,158732,88.19,10.2,10.2,555.6,Chlorophyte
Conestogo,clc,2017-08-17,7,P2105,Chlamydomonas spp.,119049,17.95,8,6,150.8,Chlorophyte
Conestogo,clc,2017-08-17,7,P2112,Sphaerocystis schroeteri Chodat,277781,2.56,2.6,2.6,9.2,Chlorophyte
Conestogo,clc,2017-08-17,7,P2113,Pediastrum duplex Meyen,2000,5.3,0,0,2650,Chlorophyte
Conestogo,clc,2017-08-17,7,P2130,Scenedesmus quadricauda (Turp.) Brebisson,158732,7,7.9,4,44.1,Chlorophyte
Conestogo,clc,2017-08-17,7,P2145,Crucigenia quadrata Morr.,158732,1.78,4,4,11.2,Chlorophyte
Conestogo,clc,2017-08-17,7,P2174,Closterium sp.,1000,0.41,66,4,414.7,Chlorophyte
Conestogo,clc,2017-08-17,7,P2178,Cosmarium sp.,4000,7.43,22,22,1858.4,Chlorophyte
Conestogo,clc,2017-08-17,7,P2193,Staurodesmus paradoxum Meyen,1000,4.08,30,26,4084.1,Chlorophyte
Conestogo,clc,2017-08-17,7,P2204,Ankyra judai (G.M. Smith) Fott,39683,1.77,12.6,3,44.5,Chlorophyte
Conestogo,clc,2017-08-17,7,P2222,Treubaria sp.,39683,1.33,4,4,33.5,Chlorophyte
Conestogo,clc,2017-08-17,7,P2255,Selenastrum copricornutum Printz,119049,1.26,7,1.7,10.6,Chlorophyte
Conestogo,clc,2017-08-17,7,P3301,Euglena acus Ehrenberg,6000,27.02,86,10,4502.9,Euglenophyte
Conestogo,clc,2017-08-17,7,P3304,Phacus sp.,1000,13.27,99,16,13270.1,Euglenophyte
Conestogo,clc,2017-08-17,7,P4351,Small chrysophyceae,1984150,18.25,2.6,2.6,9.2,Chrysophyte
Conestogo,clc,2017-08-17,7,P4352,Large chrysophyceae,39683,7.13,7,7,179.6,Chrysophyte
Conestogo,clc,2017-08-17,7,P4355,Chrysochromulina parva Lackey,39683,2.6,5,5,65.4,Chrysophyte
Conestogo,clc,2017-08-17,7,P4357,Chrysococcus sp.,238098,10.62,4.4,4.4,44.6,Chrysophyte
Conestogo,clc,2017-08-17,7,P4362,Kephyrion sp.,39683,4.06,5.8,5.8,102.2,Chrysophyte
Conestogo,clc,2017-08-17,7,P4368,Mallomonas crassisquama (Asmund) Fott,4000,4.19,20,10,1047.2,Chrysophyte
Conestogo,clc,2017-08-17,7,P4398,Ochromonas globosa Skuja,2777810,346.67,6.2,6.2,124.8,Chrysophyte
Conestogo,clc,2017-08-17,7,P4418,Salpingoeca frequentissima (Zach.) Lemmermann,1349222,38.05,5.6,3.1,28.2,Chrysophyte
Conestogo,clc,2017-08-17,7,P5507,Cyclotella stelligera Cleve and Grunow,1000,1.37,9.55,19.1,1368.1,Diatom
Conestogo,clc,2017-08-17,7,P5508,Cyclotella pseudostelligera,198415,46.41,5.3,10.6,233.9,Diatom
Conestogo,clc,2017-08-17,7,P5515,Fragilaria crotonensis Kitton,5000,1.49,71,4,297.4,Diatom
Conestogo,clc,2017-08-17,7,P5524,Asterionella formosa Hassall,29000,2.43,80,2,83.8,Diatom
Conestogo,clc,2017-08-17,7,P5530,Stephanodiscus niagarae Ehrenberg,10000,177.73,22.45,44.9,17773.3,Diatom
Conestogo,clc,2017-08-17,7,P5540,Aulacoseira italica v subarctica (O. Muller) Simonsen,32000,537.07,401,7.3,16783.4,Diatom
Conestogo,clc,2017-08-17,7,P5551,Cyclotella michiganiana Skvortzow,79366,1.52,2.3,4.6,19.1,Diatom
Conestogo,clc,2017-08-17,7,P6554,Rhodomonas minuta Skuja,1031758,160.75,12.4,6,155.8,Cryptophyte
Conestogo,clc,2017-08-17,7,P6558,Cryptomonas erosa Ehrenberg,170000,297.76,25.6,14,1751.5,Cryptophyte
Conestogo,clc,2017-08-17,7,P6565,Cryptomonas rostratiformis Skuja,11000,30.47,31,16,2770.2,Cryptophyte
Conestogo,clc,2017-08-17,7,P6568,Katablepharis ovalis Skuja,1230173,76.39,9.1,4.3,62.1,Cryptophyte
Conestogo,clc,2017-08-17,7,P7632,Gymnodinium sp.,3000,34.48,28,28,11494,Dinoflagellate
Conestogo,clc,2017-08-17,7,P7639,Peridinium pusillum (Penard) Lemmermann,1000,3.88,19.5,19.5,3882.4,Dinoflagellate
Conestogo,clc,2017-08-17,7,P7644,Ceratium hirundenella (Muller) Schrank,2000,102.21,61,40,51103.2,Dinoflagellate
Conestogo,cle,2017-08-17,2,P1041,Aphanizomenon flos-aquae Ralfs and Born.,935000,2584.9,220,4,2764.6,Cyanophyte
Conestogo,cle,2017-08-17,2,P1075,Microcystis aeruginosa (Kutzing) Kutzing,2000,3.4,0,0,1700,Cyanophyte
Conestogo,cle,2017-08-17,2,P1076,Woronichinia compacta (Lemmermann) Komarek and Hindak,189000,585.9,0,0,3100,Cyanophyte
Conestogo,cle,2017-08-17,2,P1133,Anabaena flos-aquae (Lyngb.) Breb. & Bornet,1000,6.26,301,6.3,6255.3,Cyanophyte
Conestogo,cle,2017-08-17,2,P1204,Heterocycts (Anabaena flos-aquae),3000,0.41,6.4,6.4,137.3,Cyanophyte
Conestogo,cle,2017-08-17,2,P1205,Heterocycts (Aphanizomenon flos-aquae),76000,2.74,4.1,4.1,36.1,Cyanophyte
Conestogo,cle,2017-08-17,2,P1211,Aphanizomenon Akinetes,15000,2.64,21,4,175.9,Cyanophyte
Conestogo,cle,2017-08-17,2,P2101,Carteria spp.,198415,179.53,12,12,904.8,Chlorophyte
Conestogo,cle,2017-08-17,2,P2105,Chlamydomonas spp.,2261931,511.65,12,6,226.2,Chlorophyte
Conestogo,cle,2017-08-17,2,P2113,Pediastrum duplex Meyen,4000,10.9,0,0,2725,Chlorophyte
Conestogo,cle,2017-08-17,2,P2126,Chodatella sp.,396830,19.96,6,4,50.3,Chlorophyte
Conestogo,cle,2017-08-17,2,P2130,Scenedesmus quadricauda (Turp.) Brebisson,1190490,99.76,9.6,5,83.8,Chlorophyte
Conestogo,cle,2017-08-17,2,P2136,Dictyosphaerium pulchellum Wood,952392,107.72,6,6,113.1,Chlorophyte
Conestogo,cle,2017-08-17,2,P2143,Monoraphidium minutum (Nag.) Komarkova-Legnerova,158732,9.97,10,4,62.8,Chlorophyte
Conestogo,cle,2017-08-17,2,P2174,Closterium sp.,4000,2.41,96,4,603.2,Chlorophyte
Conestogo,cle,2017-08-17,2,P2178,Cosmarium sp.,3000,4.19,20,20,1396.3,Chlorophyte
Conestogo,cle,2017-08-17,2,P2193,Staurodesmus paradoxum Meyen,1000,2.22,24.6,21,2218,Chlorophyte
Conestogo,cle,2017-08-17,2,P2204,Ankyra judai (G.M. Smith) Fott,79366,2.06,15,2.1,26,Chlorophyte
Conestogo,cle,2017-08-17,2,P2235,Ankistrodesmus spiralis Lemmermann,555562,29.83,31,2.1,53.7,Chlorophyte
Conestogo,cle,2017-08-17,2,P3301,Euglena acus Ehrenberg,3000,15.86,101,10,5288.3,Euglenophyte
Conestogo,cle,2017-08-17,2,P4351,Small chrysophyceae,3214323,29.57,2.6,2.6,9.2,Chrysophyte
Conestogo,cle,2017-08-17,2,P4352,Large chrysophyceae,119049,21.38,7,7,179.6,Chrysophyte
Conestogo,cle,2017-08-17,2,P4357,Chrysococcus sp.,1230173,75.78,4.9,4.9,61.6,Chrysophyte
Conestogo,cle,2017-08-17,2,P4367,"Mallomonas duerrschmidtiae Siver, Hamer and Kling",65000,38.34,17.6,8,589.8,Chrysophyte
Conestogo,cle,2017-08-17,2,P4398,Ochromonas globosa Skuja,4127032,679.31,6.8,6.8,164.6,Chrysophyte
Conestogo,cle,2017-08-17,2,P4415,Bicoeca lacustris Clark,357147,5.57,3.1,3.1,15.6,Chrysophyte
Conestogo,cle,2017-08-17,2,P4418,Salpingoeca frequentissima (Zach.) Lemmermann,158732,4.19,5.6,3,26.4,Chrysophyte
Conestogo,cle,2017-08-17,2,P5508,Cyclotella pseudostelligera,3571470,722.51,5.05,10.1,202.3,Diatom
Conestogo,cle,2017-08-17,2,P5515,Fragilaria crotonensis Kitton,4000,1.17,70,4,293.2,Diatom
Conestogo,cle,2017-08-17,2,P5530,Stephanodiscus niagarae Ehrenberg,1000,13.53,20.5,41,13532.6,Diatom
Conestogo,cle,2017-08-17,2,P5540,Aulacoseira italica v subarctica (O. Muller) Simonsen,10000,124.19,241,8.1,12418.7,Diatom
Conestogo,cle,2017-08-17,2,P5551,Cyclotella michiganiana Skvortzow,198415,4.86,2.5,5,24.5,Diatom
Conestogo,cle,2017-08-17,2,P6554,Rhodomonas minuta Skuja,2817493,292.46,11,5.2,103.8,Cryptophyte
Conestogo,cle,2017-08-17,2,P6558,Cryptomonas erosa Ehrenberg,92000,160.5,25.5,14,1744.6,Cryptophyte
Conestogo,cle,2017-08-17,2,P6568,Katablepharis ovalis Skuja,5436571,345.77,9.1,4.4,63.6,Cryptophyte
Conestogo,cle,2017-08-17,2,P7632,Gymnodinium sp.,6000,71.96,28.4,28.4,11993.7,Dinoflagellate
Conestogo,cle,2017-08-17,2,P7644,Ceratium hirundenella (Muller) Schrank,45000,2375.05,63,40,52778.8,Dinoflagellate
Conestogo,clw,2017-08-17,2,P1041,Aphanizomenon flos-aquae Ralfs and Born.,540000,2171.45,320,4,4021.2,Cyanophyte
Conestogo,clw,2017-08-17,2,P1076,Woronichinia compacta (Lemmermann) Komarek and Hindak,47000,193.88,0,0,4125,Cyanophyte
Conestogo,clw,2017-08-17,2,P1077,Pseudanabaena sp.,79366,7.98,32,2,100.5,Cyanophyte
Conestogo,clw,2017-08-17,2,P1132,Anabaena crassa (Lemm.) Kom-Legn. & Crongerg,1000,5.03,96,10,5026.5,Cyanophyte
Conestogo,clw,2017-08-17,2,P1205,Heterocycts (Aphanizomenon flos-aquae),81000,4.71,6,4.3,58.1,Cyanophyte
Conestogo,clw,2017-08-17,2,P1211,Aphanizomenon Akinetes,2000,0.35,18,4.3,174.3,Cyanophyte
Conestogo,clw,2017-08-17,2,P2105,Chlamydomonas spp.,1071441,62.79,7,4,58.6,Chlorophyte
Conestogo,clw,2017-08-17,2,P2121,Oocystis lacustris Chodat,238098,6.74,6,3,28.3,Chlorophyte
Conestogo,clw,2017-08-17,2,P2126,Chodatella sp.,39683,2,6,4,50.3,Chlorophyte
Conestogo,clw,2017-08-17,2,P2136,Dictyosphaerium pulchellum Wood,4563545,516.14,6,6,113.1,Chlorophyte
Conestogo,clw,2017-08-17,2,P2141,Monoraphidium contortum (Thur.) Komarkova-Legnerova,436513,8.12,21,1.5,18.6,Chlorophyte
Conestogo,clw,2017-08-17,2,P2178,Cosmarium sp.,2000,2.79,20,20,1396.3,Chlorophyte
Conestogo,clw,2017-08-17,2,P2222,Treubaria sp.,39683,0.56,3,3,14.1,Chlorophyte
Conestogo,clw,2017-08-17,2,P4351,Small chrysophyceae,753977,10.63,3,3,14.1,Chrysophyte
Conestogo,clw,2017-08-17,2,P4352,Large chrysophyceae,39683,7.13,7,7,179.6,Chrysophyte
Conestogo,clw,2017-08-17,2,P4355,Chrysochromulina parva Lackey,5317522,347.77,5,5,65.4,Chrysophyte
Conestogo,clw,2017-08-17,2,P4357,Chrysococcus sp.,238098,15.57,5,5,65.4,Chrysophyte
Conestogo,clw,2017-08-17,2,P4418,Salpingoeca frequentissima (Zach.) Lemmermann,1547637,46.74,6,3.1,30.2,Chrysophyte
Conestogo,clw,2017-08-17,2,P5509,Cyclotella ocellata Pant.,396830,49.56,4.3,8.6,124.9,Diatom
Conestogo,clw,2017-08-17,2,P5515,Fragilaria crotonensis Kitton,11000,3.27,71,4,297.4,Diatom
Conestogo,clw,2017-08-17,2,P5523,Synedra ulna (Nitzsch) Ehrenberg,2000,4.52,240,6,2261.9,Diatom
Conestogo,clw,2017-08-17,2,P5524,Asterionella formosa Hassall,15000,1.41,90,2,94.2,Diatom
Conestogo,clw,2017-08-17,2,P5540,Aulacoseira italica v subarctica (O. Muller) Simonsen,7000,121.88,416,7.3,17411.2,Diatom
Conestogo,clw,2017-08-17,2,P5551,Cyclotella michiganiana Skvortzow,595245,14.58,2.5,5,24.5,Diatom
Conestogo,clw,2017-08-17,2,P6554,Rhodomonas minuta Skuja,16627177,2402.63,11.5,6,144.5,Cryptophyte
Conestogo,clw,2017-08-17,2,P6558,Cryptomonas erosa Ehrenberg,339000,605.35,26.1,14,1785.7,Cryptophyte
Conestogo,clw,2017-08-17,2,P6565,Cryptomonas rostratiformis Skuja,9000,20.32,33,14,2257.8,Cryptophyte
Conestogo,clw,2017-08-17,2,P6568,Katablepharis ovalis Skuja,4047666,180.93,8,4,44.7,Cryptophyte
Conestogo,clw,2017-08-17,2,P7632,Gymnodinium sp.,4000,36.81,26,26,9202.8,Dinoflagellate
Conestogo,clw,2017-08-17,2,P7639,Peridinium pusillum (Penard) Lemmermann,16000,53.91,18.6,18.6,3369.3,Dinoflagellate
Conestogo,clw,2017-08-17,2,P7644,Ceratium hirundinella (Muller) Schrank,10000,502.66,60,40,50265.5,Dinoflagellate
,,,,,,,,,,,
,,,,,,,,,,,
,,,,,,,,,,,
,,,,,,,,,,,
,,,,,,,,,,,
,,,,,,,,,,,
,,,,,,,,,,,
,,,,,,,,,,,
,,,,,,,,,,,
,,,,,,,,,,,
,,,,,,,,,,,
,,,,,,,,,,,
,,,,,,,,,,,
,,,,,,,,,,,
,,,,,,,,,,,
,,,,,,,,,,,
,,,,,,,,,,,
,,,,,,,,,,,
,,,,,,,,,,,
,,,,,,,,,,,
,,,,,,,,,,,
,,,,,,,,,,,
,,,,,,,,,,,
,,,,,,,,,,,
,,,,,,,,,,,
,,,,,,,,,,,
,,,,,,,,,,,
,,,,,,,,,,,
,,,,,,,,,,,
,,,,,,,,,,,
,,,,,,,,,,,
,,,,,,,,,,,
,,,,,,,,,,,
,,,,,,,,,,,
,,,,,,,,,,,
,,,,,,,,,,,
,,,,,,,,,,,
,,,,,,,,,,,
,,,,,,,,,,,
,,,,,,,,,,,
,,,,,,,,,,,
,,,,,,,,,,,
,,,,,,,,,,,
,,,,,,,,,,,
,,,,,,,,,,,
,,,,,,,,,,,
,,,,,,,,,,,
,,,,,,,,,,,
,,,,,,,,,,,
,,,,,,,,,,,
,,,,,,,,,,,
,,,,,,,,,,,
,,,,,,,,,,,
,,,,,,,,,,,
,,,,,,,,,,,
,,,,,,,,,,,
,,,,,,,,,,,
,,,,,,,,,,,
,,,,,,,,,,,
,,,,,,,,,,,
,,,,,,,,,,,
,,,,,,,,,,,
,,,,,,,,,,,
,,,,,,,,,,,
,,,,,,,,,,,
,,,,,,,,,,,
,,,,,,,,,,,
,,,,,,,,,,,
,,,,,,,,,,,
,,,,,,,,,,,
,,,,,,,,,,,
,,,,,,,,,,,
,,,,,,,,,,,
,,,,,,,,,,,
,,,,,,,,,,,
,,,,,,,,,,,
,,,,,,,,,,,
,,,,,,,,,,,
,,,,,,,,,,,
,,,,,,,,,,,
,,,,,,,,,,,
,,,,,,,,,,,
,,,,,,,,,,,
,,,,,,,,,,,
,,,,,,,,,,,
,,,,,,,,,,,
,,,,,,,,,,,
,,,,,,,,,,,
,,,,,,,,,,,
,,,,,,,,,,,
,,,,,,,,,,,
,,,,,,,,,,,
,,,,,,,,,,,
,,,,,,,,,,,
,,,,,,,,,,,
,,,,,,,,,,,
,,,,,,,,,,,
,,,,,,,,,,,
,,,,,,,,,,,
,,,,,,,,,,,
,,,,,,,,,,,
,,,,,,,,,,,
,,,,,,,,,,,
,,,,,,,,,,,
,,,,,,,,,,,
,,,,,,,,,,,
,,,,,,,,,,,
,,,,,,,,,,,
,,,,,,,,,,,
,,,,,,,,,,,
,,,,,,,,,,,
,,,,,,,,,,,
,,,,,,,,,,,
,,,,,,,,,,,
,,,,,,,,,,,
,,,,,,,,,,,
,,,,,,,,,,,
,,,,,,,,,,,
,,,,,,,,,,,
,,,,,,,,,,,
,,,,,,,,,,,
,,,,,,,,,,,
,,,,,,,,,,,
,,,,,,,,,,,
,,,,,,,,,,,
,,,,,,,,,,,
,,,,,,,,,,,
,,,,,,,,,,,
,,,,,,,,,,,
,,,,,,,,,,,
,,,,,,,,,,,
,,,,,,,,,,,
,,,,,,,,,,,
,,,,,,,,,,,
,,,,,,,,,,,
,,,,,,,,,,,
,,,,,,,,,,,
,,,,,,,,,,,
,,,,,,,,,,,
,,,,,,,,,,,
,,,,,,,,,,,
,,,,,,,,,,,
,,,,,,,,,,,
,,,,,,,,,,,
,,,,,,,,,,,
,,,,,,,,,,,
,,,,,,,,,,,
,,,,,,,,,,,
,,,,,,,,,,,
,,,,,,,,,,,
,,,,,,,,,,,
,,,,,,,,,,,
,,,,,,,,,,,
,,,,,,,,,,,
,,,,,,,,,,,
,,,,,,,,,,,
,,,,,,,,,,,
,,,,,,,,,,,
,,,,,,,,,,,
,,,,,,,,,,,
,,,,,,,,,,,
,,,,,,,,,,,
,,,,,,,,,,,
,,,,,,,,,,,
,,,,,,,,,,,
,,,,,,,,,,,
,,,,,,,,,,,
,,,,,,,,,,,
,,,,,,,,,,,
,,,,,,,,,,,
,,,,,,,,,,,
,,,,,,,,,,,
,,,,,,,,,,,
,,,,,,,,,,,
,,,,,,,,,,,
,,,,,,,,,,,
,,,,,,,,,,,
,,,,,,,,,,,
,,,,,,,,,,,
,,,,,,,,,,,
,,,,,,,,,,,
,,,,,,,,,,,
,,,,,,,,,,,
,,,,,,,,,,,
,,,,,,,,,,,
,,,,,,,,,,,
,,,,,,,,,,,
,,,,,,,,,,,
,,,,,,,,,,,
,,,,,,,,,,,
,,,,,,,,,,,
,,,,,,,,,,,
,,,,,,,,,,,
,,,,,,,,,,,
,,,,,,,,,,,
,,,,,,,,,,,
,,,,,,,,,,,
,,,,,,,,,,,
,,,,,,,,,,,
,,,,,,,,,,,
,,,,,,,,,,,
,,,,,,,,,,,
,,,,,,,,,,,
,,,,,,,,,,,
,,,,,,,,,,,
,,,,,,,,,,,
,,,,,,,,,,,
,,,,,,,,,,,
,,,,,,,,,,,
,,,,,,,,,,,
,,,,,,,,,,,
,,,,,,,,,,,
,,,,,,,,,,,
,,,,,,,,,,,
,,,,,,,,,,,
,,,,,,,,,,,
,,,,,,,,,,,
,,,,,,,,,,,
,,,,,,,,,,,
,,,,,,,,,,,
,,,,,,,,,,,
,,,,,,,,,,,
,,,,,,,,,,,
,,,,,,,,,,,
,,,,,,,,,,,
,,,,,,,,,,,
,,,,,,,,,,,
,,,,,,,,,,,
,,,,,,,,,,,
,,,,,,,,,,,
,,,,,,,,,,,
,,,,,,,,,,,
,,,,,,,,,,,
,,,,,,,,,,,
,,,,,,,,,,,
,,,,,,,,,,,
,,,,,,,,,,,
,,,,,,,,,,,
,,,,,,,,,,,
,,,,,,,,,,,
,,,,,,,,,,,
,,,,,,,,,,,
,,,,,,,,,,,
,,,,,,,,,,,
,,,,,,,,,,,
,,,,,,,,,,,
,,,,,,,,,,,
,,,,,,,,,,,
,,,,,,,,,,,
,,,,,,,,,,,
,,,,,,,,,,,
,,,,,,,,,,,
,,,,,,,,,,,
,,,,,,,,,,,
,,,,,,,,,,,
,,,,,,,,,,,
,,,,,,,,,,,
,,,,,,,,,,,
,,,,,,,,,,,
,,,,,,,,,,,
,,,,,,,,,,,
,,,,,,,,,,,
,,,,,,,,,,,
,,,,,,,,,,,
,,,,,,,,,,,
,,,,,,,,,,,
,,,,,,,,,,,
,,,,,,,,,,,
,,,,,,,,,,,
,,,,,,,,,,,
,,,,,,,,,,,
,,,,,,,,,,,
,,,,,,,,,,,
,,,,,,,,,,,
,,,,,,,,,,,
,,,,,,,,,,,
,,,,,,,,,,,
,,,,,,,,,,,
,,,,,,,,,,,
,,,,,,,,,,,
,,,,,,,,,,,
,,,,,,,,,,,
,,,,,,,,,,,
,,,,,,,,,,,
,,,,,,,,,,,
,,,,,,,,,,,
,,,,,,,,,,,
,,,,,,,,,,,
,,,,,,,,,,,
,,,,,,,,,,,
,,,,,,,,,,,
,,,,,,,,,,,
,,,,,,,,,,,
,,,,,,,,,,,
,,,,,,,,,,,
,,,,,,,,,,,
,,,,,,,,,,,
,,,,,,,,,,,
,,,,,,,,,,,
,,,,,,,,,,,
,,,,,,,,,,,
,,,,,,,,,,,
,,,,,,,,,,,
,,,,,,,,,,,
,,,,,,,,,,,
,,,,,,,,,,,
,,,,,,,,,,,
,,,,,,,,,,,
,,,,,,,,,,,
,,,,,,,,,,,
,,,,,,,,,,,
,,,,,,,,,,,
,,,,,,,,,,,
,,,,,,,,,,,
,,,,,,,,,,,
,,,,,,,,,,,
,,,,,,,,,,,
,,,,,,,,,,,
,,,,,,,,,,,
,,,,,,,,,,,
,,,,,,,,,,,
,,,,,,,,,,,
,,,,,,,,,,,
,,,,,,,,,,,
,,,,,,,,,,,
,,,,,,,,,,,
,,,,,,,,,,,
,,,,,,,,,,,
,,,,,,,,,,,
,,,,,,,,,,,
,,,,,,,,,,,
,,,,,,,,,,,
,,,,,,,,,,,
,,,,,,,,,,,
,,,,,,,,,,,
,,,,,,,,,,,
,,,,,,,,,,,
,,,,,,,,,,,
,,,,,,,,,,,
,,,,,,,,,,,
,,,,,,,,,,,
,,,,,,,,,,,
,,,,,,,,,,,
,,,,,,,,,,,
,,,,,,,,,,,
,,,,,,,,,,,
,,,,,,,,,,,
,,,,,,,,,,,
,,,,,,,,,,,
,,,,,,,,,,,
,,,,,,,,,,,
,,,,,,,,,,,
,,,,,,,,,,,
,,,,,,,,,,,
,,,,,,,,,,,
,,,,,,,,,,,
,,,,,,,,,,,
,,,,,,,,,,,
,,,,,,,,,,,
,,,,,,,,,,,
,,,,,,,,,,,
,,,,,,,,,,,
,,,,,,,,,,,
,,,,,,,,,,,
,,,,,,,,,,,
,,,,,,,,,,,
,,,,,,,,,,,
,,,,,,,,,,,
,,,,,,,,,,,
,,,,,,,,,,,
,,,,,,,,,,,
,,,,,,,,,,,
,,,,,,,,,,,
,,,,,,,,,,,
,,,,,,,,,,,
,,,,,,,,,,,
,,,,,,,,,,,
,,,,,,,,,,,
,,,,,,,,,,,
,,,,,,,,,,,
,,,,,,,,,,,
,,,,,,,,,,,
,,,,,,,,,,,
,,,,,,,,,,,
,,,,,,,,,,,
,,,,,,,,,,,
,,,,,,,,,,,
,,,,,,,,,,,
,,,,,,,,,,,
,,,,,,,,,,,
,,,,,,,,,,,
,,,,,,,,,,,
,,,,,,,,,,,
,,,,,,,,,,,
,,,,,,,,,,,
,,,,,,,,,,,
,,,,,,,,,,,
,,,,,,,,,,,
,,,,,,,,,,,
,,,,,,,,,,,
,,,,,,,,,,,
,,,,,,,,,,,
,,,,,,,,,,,
,,,,,,,,,,,
,,,,,,,,,,,
,,,,,,,,,,,
,,,,,,,,,,,
,,,,,,,,,,,
,,,,,,,,,,,
,,,,,,,,,,,
,,,,,,,,,,,
,,,,,,,,,,,
,,,,,,,,,,,
,,,,,,,,,,,
,,,,,,,,,,,
,,,,,,,,,,,
,,,,,,,,,,,
,,,,,,,,,,,
,,,,,,,,,,,
,,,,,,,,,,,
,,,,,,,,,,,
,,,,,,,,,,,
,,,,,,,,,,,
,,,,,,,,,,,
,,,,,,,,,,,
,,,,,,,,,,,
,,,,,,,,,,,
,,,,,,,,,,,
,,,,,,,,,,,
,,,,,,,,,,,
,,,,,,,,,,,
,,,,,,,,,,,
,,,,,,,,,,,
,,,,,,,,,,,
,,,,,,,,,,,
,,,,,,,,,,,
,,,,,,,,,,,
,,,,,,,,,,,
,,,,,,,,,,,
,,,,,,,,,,,
,,,,,,,,,,,
,,,,,,,,,,,
,,,,,,,,,,,
,,,,,,,,,,,
,,,,,,,,,,,
,,,,,,,,,,,
,,,,,,,,,,,
,,,,,,,,,,,
,,,,,,,,,,,
,,,,,,,,,,,
,,,,,,,,,,,
,,,,,,,,,,,
,,,,,,,,,,,
,,,,,,,,,,,
,,,,,,,,,,,
,,,,,,,,,,,
,,,,,,,,,,,
,,,,,,,,,,,
,,,,,,,,,,,
,,,,,,,,,,,
,,,,,,,,,,,
,,,,,,,,,,,
,,,,,,,,,,,
,,,,,,,,,,,
,,,,,,,,,,,
,,,,,,,,,,,
,,,,,,,,,,,
,,,,,,,,,,,
,,,,,,,,,,,
,,,,,,,,,,,
,,,,,,,,,,,
,,,,,,,,,,,
,,,,,,,,,,,
,,,,,,,,,,,
,,,,,,,,,,,
,,,,,,,,,,,
,,,,,,,,,,,
,,,,,,,,,,,
,,,,,,,,,,,
,,,,,,,,,,,
,,,,,,,,,,,
,,,,,,,,,,,
,,,,,,,,,,,
,,,,,,,,,,,
,,,,,,,,,,,
,,,,,,,,,,,
,,,,,,,,,,,
,,,,,,,,,,,
,,,,,,,,,,,
,,,,,,,,,,,
,,,,,,,,,,,
,,,,,,,,,,,
,,,,,,,,,,,
,,,,,,,,,,,
,,,,,,,,,,,
,,,,,,,,,,,
,,,,,,,,,,,
,,,,,,,,,,,
,,,,,,,,,,,
,,,,,,,,,,,
,,,,,,,,,,,
,,,,,,,,,,,
,,,,,,,,,,,
,,,,,,,,,,,
,,,,,,,,,,,
,,,,,,,,,,,
,,,,,,,,,,,
,,,,,,,,,,,
,,,,,,,,,,,
,,,,,,,,,,,
,,,,,,,,,,,
,,,,,,,,,,,
,,,,,,,,,,,
,,,,,,,,,,,
,,,,,,,,,,,
,,,,,,,,,,,
,,,,,,,,,,,
,,,,,,,,,,,
,,,,,,,,,,,
,,,,,,,,,,,
,,,,,,,,,,,
,,,,,,,,,,,
,,,,,,,,,,,
,,,,,,,,,,,
,,,,,,,,,,,
,,,,,,,,,,,
,,,,,,,,,,,
,,,,,,,,,,,
,,,,,,,,,,,
,,,,,,,,,,,
,,,,,,,,,,,
,,,,,,,,,,,
,,,,,,,,,,,
,,,,,,,,,,,
,,,,,,,,,,,
,,,,,,,,,,,
,,,,,,,,,,,
,,,,,,,,,,,
,,,,,,,,,,,
,,,,,,,,,,,
,,,,,,,,,,,
,,,,,,,,,,,
,,,,,,,,,,,
,,,,,,,,,,,
,,,,,,,,,,,
,,,,,,,,,,,
,,,,,,,,,,,
,,,,,,,,,,,
,,,,,,,,,,,
,,,,,,,,,,,
,,,,,,,,,,,
,,,,,,,,,,,
,,,,,,,,,,,
,,,,,,,,,,,
,,,,,,,,,,,
,,,,,,,,,,,
,,,,,,,,,,,
,,,,,,,,,,,
,,,,,,,,,,,
,,,,,,,,,,,
,,,,,,,,,,,
,,,,,,,,,,,
,,,,,,,,,,,
,,,,,,,,,,,
,,,,,,,,,,,
,,,,,,,,,,,
,,,,,,,,,,,
,,,,,,,,,,,
,,,,,,,,,,,
,,,,,,,,,,,
,,,,,,,,,,,
,,,,,,,,,,,
,,,,,,,,,,,
,,,,,,,,,,,
,,,,,,,,,,,
,,,,,,,,,,,
,,,,,,,,,,,
,,,,,,,,,,,
,,,,,,,,,,,
,,,,,,,,,,,
,,,,,,,,,,,
,,,,,,,,,,,
,,,,,,,,,,,
,,,,,,,,,,,
,,,,,,,,,,,
,,,,,,,,,,,
,,,,,,,,,,,
,,,,,,,,,,,
,,,,,,,,,,,
,,,,,,,,,,,
,,,,,,,,,,,
,,,,,,,,,,,
,,,,,,,,,,,
,,,,,,,,,,,
,,,,,,,,,,,
,,,,,,,,,,,
,,,,,,,,,,,
,,,,,,,,,,,
,,,,,,,,,,,
,,,,,,,,,,,
,,,,,,,,,,,
,,,,,,,,,,,
,,,,,,,,,,,
,,,,,,,,,,,
,,,,,,,,,,,
,,,,,,,,,,,
,,,,,,,,,,,
,,,,,,,,,,,
,,,,,,,,,,,
,,,,,,,,,,,
,,,,,,,,,,,
,,,,,,,,,,,
,,,,,,,,,,,
,,,,,,,,,,,
,,,,,,,,,,,
,,,,,,,,,,,
,,,,,,,,,,,
,,,,,,,,,,,
,,,,,,,,,,,
,,,,,,,,,,,
,,,,,,,,,,,
,,,,,,,,,,,
,,,,,,,,,,,
,,,,,,,,,,,
,,,,,,,,,,,
,,,,,,,,,,,
,,,,,,,,,,,
,,,,,,,,,,,
,,,,,,,,,,,
,,,,,,,,,,,
,,,,,,,,,,,
,,,,,,,,,,,
,,,,,,,,,,,
,,,,,,,,,,,
,,,,,,,,,,,
,,,,,,,,,,,
,,,,,,,,,,,
,,,,,,,,,,,
,,,,,,,,,,,
,,,,,,,,,,,
,,,,,,,,,,,
,,,,,,,,,,,
,,,,,,,,,,,
,,,,,,,,,,,
,,,,,,,,,,,
,,,,,,,,,,,
,,,,,,,,,,,
,,,,,,,,,,,
,,,,,,,,,,,
,,,,,,,,,,,
,,,,,,,,,,,
,,,,,,,,,,,
,,,,,,,,,,,
,,,,,,,,,,,
,,,,,,,,,,,
,,,,,,,,,,,
,,,,,,,,,,,
,,,,,,,,,,,
,,,,,,,,,,,
,,,,,,,,,,,
,,,,,,,,,,,
,,,,,,,,,,,
,,,,,,,,,,,
,,,,,,,,,,,
,,,,,,,,,,,
,,,,,,,,,,,
,,,,,,,,,,,
,,,,,,,,,,,
,,,,,,,,,,,
,,,,,,,,,,,
,,,,,,,,,,,
,,,,,,,,,,,
,,,,,,,,,,,
,,,,,,,,,,,
,,,,,,,,,,,
,,,,,,,,,,,
,,,,,,,,,,,
,,,,,,,,,,,
,,,,,,,,,,,
,,,,,,,,,,,
,,,,,,,,,,,
,,,,,,,,,,,
,,,,,,,,,,,
,,,,,,,,,,,
,,,,,,,,,,,
,,,,,,,,,,,
,,,,,,,,,,,
,,,,,,,,,,,
,,,,,,,,,,,
,,,,,,,,,,,
,,,,,,,,,,,
,,,,,,,,,,,
,,,,,,,,,,,
,,,,,,,,,,,
,,,,,,,,,,,
,,,,,,,,,,,
,,,,,,,,,,,
,,,,,,,,,,,
,,,,,,,,,,,
,,,,,,,,,,,
,,,,,,,,,,,
,,,,,,,,,,,
,,,,,,,,,,,
,,,,,,,,,,,
,,,,,,,,,,,
,,,,,,,,,,,
,,,,,,,,,,,
,,,,,,,,,,,
,,,,,,,,,,,
,,,,,,,,,,,
,,,,,,,,,,,
,,,,,,,,,,,
,,,,,,,,,,,
,,,,,,,,,,,
,,,,,,,,,,,
